{"type":"FeatureCollection","note":"Generated by scripts/data/build-transport-geometry.js from the street sequences in transport-routes.json, snapped to roads via OSRM over OpenStreetMap data (ODbL). Features carrying waypointsSkipped are drafts: the named place could not be located, so the line through that segment is the routing engine guess, not the published route.","features":[{"type":"Feature","properties":{"key":"daraga-legazpi-loop-1:loop","routeId":"daraga-legazpi-loop-1","directionId":"loop","label":"Daraga - Legazpi City Loop Service 1 — From Daraga to Legazpi City (counter-clockwise)","color":"#111111","waypointsUsed":8,"waypointsSkipped":["Legazpi City - Tiwi Coastal Rd.","AH 26"],"distanceMetres":13991,"generatedBy":"scripts/data/build-transport-geometry.js"},"geometry":{"type":"LineString","coordinates":[[123.71168,13.14806],[123.71181,13.14821],[123.71189,13.14815],[123.71196,13.1481],[123.712,13.14805],[123.71208,13.14805],[123.71213,13.14805],[123.71222,13.14804],[123.71227,13.14804],[123.71229,13.14805],[123.71243,13.1481],[123.71252,13.1481],[123.71268,13.14815],[123.71307,13.14829],[123.71345,13.14842],[123.71412,13.14864],[123.7142,13.14868],[123.7144,13.14876],[123.71508,13.14899],[123.71518,13.149],[123.71538,13.14899],[123.71599,13.14895],[123.71691,13.14889],[123.71713,13.14885],[123.71728,13.14881],[123.71756,13.14875],[123.71873,13.14842],[123.71923,13.14827],[123.71941,13.14822],[123.72002,13.14806],[123.72009,13.14804],[123.72049,13.14795],[123.72089,13.14786],[123.72097,13.14784],[123.72102,13.14782],[123.72107,13.1478],[123.72115,13.14775],[123.72121,13.14771],[123.72136,13.1476],[123.72159,13.14742],[123.72167,13.14736],[123.72189,13.14718],[123.72231,13.14689],[123.72252,13.14672],[123.72279,13.14651],[123.72292,13.14641],[123.72305,13.1463],[123.72308,13.14627],[123.72345,13.14597],[123.72351,13.14592],[123.72381,13.14569],[123.7241,13.14548],[123.72461,13.14509],[123.72486,13.14489],[123.72529,13.14451],[123.72535,13.14446],[123.72556,13.14429],[123.72593,13.14399],[123.72596,13.14396],[123.72625,13.14373],[123.72679,13.14331],[123.72706,13.14311],[123.72727,13.14297],[123.72778,13.14269],[123.72821,13.14245],[123.72845,13.14231],[123.72854,13.14225],[123.72859,13.14222],[123.72862,13.1422],[123.72866,13.14216],[123.72886,13.14197],[123.72898,13.14184],[123.72919,13.14159],[123.72923,13.14154],[123.72938,13.14136],[123.72976,13.1409],[123.72992,13.14074],[123.73004,13.14062],[123.73013,13.14051],[123.73028,13.14038],[123.73036,13.1403],[123.73053,13.14016],[123.73072,13.14002],[123.73096,13.13983],[123.73123,13.13965],[123.73125,13.13963],[123.73137,13.13955],[123.73152,13.13945],[123.73159,13.13941],[123.73178,13.13931],[123.73239,13.13903],[123.73261,13.13891],[123.73269,13.13886],[123.73275,13.13883],[123.73279,13.13882],[123.73285,13.1388],[123.73297,13.1388],[123.73309,13.13879],[123.73321,13.13879],[123.73359,13.13878],[123.73373,13.13878],[123.7338,13.13877],[123.73387,13.13875],[123.73391,13.13873],[123.73394,13.1387],[123.73398,13.13865],[123.73404,13.13858],[123.73409,13.13854],[123.73414,13.13851],[123.73421,13.13849],[123.73426,13.13848],[123.73434,13.13847],[123.73461,13.13848],[123.73485,13.13848],[123.73515,13.1385],[123.73534,13.1385],[123.7357,13.13851],[123.73599,13.13851],[123.73606,13.13852],[123.73613,13.13852],[123.73643,13.13852],[123.73664,13.13853],[123.73709,13.13853],[123.73737,13.13852],[123.73778,13.13853],[123.73802,13.13854],[123.73874,13.13855],[123.73912,13.13855],[123.73932,13.13856],[123.73967,13.13857],[123.73971,13.13857],[123.73983,13.13858],[123.74025,13.1386],[123.74048,13.13861],[123.74079,13.13863],[123.74101,13.13864],[123.74119,13.13865],[123.7413,13.13866],[123.74143,13.13867],[123.74156,13.1387],[123.74161,13.1387],[123.74219,13.13879],[123.74231,13.13881],[123.74301,13.13894],[123.74333,13.13899],[123.74344,13.139],[123.74362,13.13903],[123.74364,13.13904],[123.74376,13.13906],[123.74378,13.13907],[123.74393,13.13909],[123.74402,13.13911],[123.74454,13.13919],[123.74466,13.13921],[123.74475,13.13922],[123.74483,13.13924],[123.7449,13.13927],[123.74496,13.13931],[123.74514,13.1394],[123.74534,13.1395],[123.74603,13.13988],[123.74621,13.13999],[123.74625,13.14001],[123.7464,13.1401],[123.74661,13.14022],[123.74672,13.14029],[123.74679,13.14032],[123.74693,13.14039],[123.74737,13.14065],[123.74748,13.1407],[123.74787,13.14089],[123.74814,13.14103],[123.74832,13.14112],[123.74864,13.14128],[123.74888,13.1414],[123.74893,13.14143],[123.74905,13.14148],[123.74909,13.1415],[123.74911,13.1415],[123.74922,13.14154],[123.74935,13.14158],[123.74999,13.14174],[123.75029,13.14182],[123.75044,13.14187],[123.75052,13.14189],[123.75067,13.14193],[123.75077,13.14197],[123.7508,13.14198],[123.75083,13.142],[123.75089,13.14202],[123.75099,13.14207],[123.75117,13.14216],[123.75135,13.14226],[123.7515,13.14236],[123.75155,13.1424],[123.75175,13.14255],[123.75188,13.14266],[123.75198,13.14276],[123.75204,13.14282],[123.75213,13.14293],[123.75223,13.14305],[123.75239,13.1433],[123.75248,13.14344],[123.75254,13.14353],[123.75268,13.14374],[123.75276,13.14388],[123.75281,13.14398],[123.75296,13.14425],[123.75302,13.14438],[123.75304,13.14443],[123.75307,13.14454],[123.75316,13.14456],[123.75321,13.14459],[123.75326,13.14464],[123.7533,13.14468],[123.75341,13.14486],[123.75348,13.14502],[123.75355,13.14524],[123.75362,13.14548],[123.75363,13.1455],[123.75367,13.14569],[123.75368,13.1458],[123.75367,13.14588],[123.75367,13.14597],[123.75366,13.14602],[123.75364,13.14608],[123.75362,13.14612],[123.7536,13.14615],[123.75353,13.14634],[123.75345,13.14655],[123.75366,13.14658],[123.75377,13.14659],[123.75388,13.1466],[123.75409,13.14662],[123.75399,13.14694],[123.75389,13.14723],[123.75388,13.14726],[123.75379,13.14751],[123.75373,13.1477],[123.7537,13.14783],[123.75348,13.14856],[123.75342,13.14877],[123.75335,13.14904],[123.75301,13.15018],[123.75289,13.15066],[123.75269,13.15135],[123.75267,13.15143],[123.7526,13.15166],[123.75256,13.15181],[123.75247,13.15213],[123.75243,13.15229],[123.7523,13.15273],[123.7522,13.15306],[123.75214,13.15329],[123.75211,13.15336],[123.75207,13.15347],[123.752,13.15361],[123.75192,13.15375],[123.75186,13.15385],[123.7518,13.15393],[123.75162,13.15417],[123.75155,13.15426],[123.75153,13.15429],[123.75143,13.15442],[123.75139,13.15446],[123.75128,13.1545],[123.75114,13.15454],[123.75056,13.15464],[123.75052,13.15465],[123.7502,13.15474],[123.75014,13.15476],[123.74959,13.15496],[123.74952,13.15498],[123.74932,13.15505],[123.7492,13.1551],[123.74895,13.15518],[123.74888,13.1552],[123.74843,13.15536],[123.74734,13.15575],[123.74718,13.15579],[123.74694,13.15586],[123.74707,13.15615],[123.74717,13.15635],[123.74727,13.15655],[123.74735,13.1567],[123.74739,13.15678],[123.74741,13.15688],[123.7474,13.15715],[123.74739,13.15728],[123.74737,13.15739],[123.74728,13.15753],[123.74719,13.15765],[123.74715,13.15775],[123.74714,13.15788],[123.74712,13.15808],[123.7471,13.15895],[123.74707,13.15957],[123.74706,13.16004],[123.74706,13.16042],[123.74707,13.16054],[123.74702,13.16057],[123.74701,13.16062],[123.747,13.16071],[123.74698,13.1614],[123.74697,13.16168],[123.74697,13.16177],[123.74695,13.16184],[123.74692,13.1619],[123.74687,13.16195],[123.7468,13.16199],[123.74671,13.16202],[123.74598,13.16216],[123.74563,13.16222],[123.74539,13.16228],[123.74501,13.1624],[123.74484,13.16247],[123.74465,13.16257],[123.74451,13.16266],[123.7445,13.16249],[123.74449,13.1624],[123.74445,13.16226],[123.7444,13.16206],[123.74439,13.16198],[123.7444,13.16192],[123.7444,13.16187],[123.74441,13.16183],[123.74442,13.16181],[123.74455,13.16172],[123.74452,13.16168],[123.74448,13.16166],[123.74441,13.16164],[123.74434,13.16162],[123.74428,13.16156],[123.74407,13.16126],[123.74387,13.16101],[123.74385,13.16097],[123.74384,13.16093],[123.74383,13.16071],[123.74386,13.16028],[123.74313,13.16003],[123.74304,13.15999],[123.74302,13.16002],[123.74269,13.16033],[123.7417,13.16037],[123.74175,13.1609],[123.74175,13.16095],[123.74177,13.16097],[123.74178,13.16097],[123.74226,13.16091],[123.74232,13.16089],[123.74232,13.16089],[123.74237,13.16085],[123.74266,13.16037],[123.74269,13.16033],[123.74302,13.16002],[123.74304,13.15999],[123.74313,13.16003],[123.74386,13.16028],[123.74383,13.16071],[123.74384,13.16093],[123.74385,13.16097],[123.74387,13.16101],[123.74407,13.16126],[123.74428,13.16156],[123.74434,13.16162],[123.74441,13.16164],[123.74448,13.16166],[123.74452,13.16168],[123.74455,13.16172],[123.74461,13.16179],[123.74456,13.16182],[123.74443,13.1619],[123.7444,13.16192],[123.74439,13.16198],[123.7444,13.16206],[123.74445,13.16226],[123.74449,13.1624],[123.7445,13.16249],[123.74451,13.16266],[123.74437,13.16274],[123.74384,13.16306],[123.74359,13.16321],[123.74347,13.16328],[123.74337,13.16333],[123.74327,13.16335],[123.74317,13.16338],[123.74306,13.16339],[123.74285,13.16339],[123.74142,13.16338],[123.74095,13.16338],[123.74073,13.16337],[123.74063,13.16336],[123.74049,13.16333],[123.74032,13.16328],[123.74018,13.16322],[123.74,13.16312],[123.7398,13.16298],[123.73938,13.16272],[123.73899,13.16248],[123.73872,13.1623],[123.73851,13.16217],[123.73797,13.16182],[123.73788,13.16176],[123.73723,13.16136],[123.73718,13.16132],[123.73672,13.16103],[123.73613,13.16066],[123.73584,13.16048],[123.73562,13.16037],[123.73546,13.16028],[123.73525,13.16018],[123.73487,13.16005],[123.73454,13.15994],[123.73443,13.15988],[123.7344,13.15979],[123.7344,13.15967],[123.7344,13.15939],[123.7344,13.15869],[123.7344,13.15831],[123.7344,13.15813],[123.73438,13.15808],[123.73434,13.158],[123.73429,13.15793],[123.73422,13.15788],[123.734,13.15772],[123.73378,13.15758],[123.73329,13.15726],[123.73312,13.15714],[123.73296,13.15704],[123.73279,13.15692],[123.73269,13.15685],[123.73255,13.15676],[123.73245,13.15669],[123.73226,13.15658],[123.73211,13.15648],[123.73193,13.15639],[123.73167,13.15624],[123.73154,13.15616],[123.73148,13.15614],[123.73142,13.15612],[123.73136,13.15611],[123.73127,13.1561],[123.73116,13.15609],[123.7308,13.15609],[123.73048,13.15609],[123.73013,13.1561],[123.72929,13.1561],[123.72911,13.1561],[123.72884,13.15609],[123.72835,13.1561],[123.72829,13.1561],[123.72821,13.1561],[123.7281,13.1561],[123.72799,13.1561],[123.72777,13.1561],[123.72748,13.1561],[123.72735,13.1561],[123.72721,13.1561],[123.72706,13.15611],[123.72697,13.15612],[123.72688,13.15614],[123.72679,13.15616],[123.72671,13.1562],[123.72668,13.15621],[123.72656,13.15626],[123.72634,13.15636],[123.72626,13.1564],[123.72608,13.15648],[123.72597,13.15653],[123.72576,13.15663],[123.72564,13.15668],[123.72524,13.15686],[123.72503,13.15694],[123.72483,13.15702],[123.72448,13.15716],[123.72414,13.15727],[123.72392,13.15734],[123.72371,13.15739],[123.72357,13.15742],[123.7233,13.15744],[123.72315,13.15746],[123.72294,13.15747],[123.7227,13.15749],[123.7224,13.1575],[123.7221,13.1575],[123.72181,13.15748],[123.72141,13.15745],[123.72122,13.15743],[123.72097,13.15742],[123.72088,13.15742],[123.7208,13.15741],[123.72004,13.15736],[123.7197,13.15733],[123.71949,13.15731],[123.71941,13.1573],[123.71929,13.15729],[123.71916,13.15728],[123.719,13.15725],[123.71885,13.15722],[123.7187,13.15717],[123.71861,13.15713],[123.7185,13.15708],[123.71842,13.15703],[123.71852,13.15682],[123.71852,13.1568],[123.7185,13.15678],[123.71844,13.15675],[123.71841,13.15673],[123.71841,13.15673],[123.71838,13.15674],[123.71827,13.15693],[123.71817,13.15685],[123.71807,13.15676],[123.71797,13.15666],[123.71787,13.15652],[123.71779,13.1564],[123.71773,13.15627],[123.71755,13.15589],[123.71744,13.1558],[123.71735,13.15576],[123.71723,13.15572],[123.71705,13.15568],[123.7168,13.15564],[123.71594,13.15552],[123.71516,13.1554],[123.71502,13.15538],[123.71491,13.15534],[123.71482,13.15531],[123.71472,13.15527],[123.71465,13.15524],[123.71438,13.15512],[123.7141,13.15502],[123.71407,13.155],[123.71403,13.155],[123.71361,13.1549],[123.7135,13.15488],[123.71276,13.15477],[123.71205,13.15462],[123.71188,13.15459],[123.71165,13.15455],[123.71155,13.15453],[123.71141,13.15452],[123.71114,13.15449],[123.71115,13.1542],[123.71115,13.15383],[123.71115,13.15374],[123.71118,13.15292],[123.71119,13.15284],[123.71121,13.15267],[123.71122,13.15214],[123.7112,13.15188],[123.7112,13.15186],[123.71116,13.15158],[123.71115,13.15149],[123.7111,13.15104],[123.71107,13.15091],[123.71103,13.1506],[123.71102,13.15045],[123.71102,13.15028],[123.71103,13.14993],[123.71105,13.14949],[123.71107,13.14914],[123.71108,13.14905],[123.71111,13.14895],[123.71124,13.14869],[123.71128,13.14864],[123.71134,13.14856],[123.71139,13.14852],[123.71163,13.14835],[123.71181,13.14821],[123.71168,13.14806]]}},{"type":"Feature","properties":{"key":"daraga-legazpi-loop-2:loop","routeId":"daraga-legazpi-loop-2","directionId":"loop","label":"Daraga - Legazpi City Loop Service 2 — From Daraga to Legazpi City (clockwise)","color":"#e8632a","waypointsUsed":7,"waypointsSkipped":["AH 26","Legazpi City - Tiwi Coastal Rd."],"distanceMetres":18550,"generatedBy":"scripts/data/build-transport-geometry.js"},"geometry":{"type":"LineString","coordinates":[[123.71285,13.14911],[123.7129,13.14897],[123.71297,13.14876],[123.71273,13.1487],[123.71251,13.14863],[123.71163,13.14835],[123.71139,13.14852],[123.71134,13.14856],[123.71128,13.14864],[123.71124,13.14869],[123.71111,13.14895],[123.71108,13.14905],[123.71107,13.14914],[123.71105,13.14949],[123.71103,13.14993],[123.71102,13.15028],[123.71102,13.15045],[123.71103,13.1506],[123.71107,13.15091],[123.7111,13.15104],[123.71115,13.15149],[123.71116,13.15158],[123.7112,13.15186],[123.7112,13.15188],[123.71122,13.15214],[123.71121,13.15267],[123.71119,13.15284],[123.71118,13.15292],[123.71115,13.15374],[123.71115,13.15383],[123.71115,13.1542],[123.71114,13.15449],[123.71141,13.15452],[123.71155,13.15453],[123.71165,13.15455],[123.71188,13.15459],[123.71205,13.15462],[123.71276,13.15477],[123.7135,13.15488],[123.71361,13.1549],[123.71403,13.155],[123.71407,13.155],[123.7141,13.15502],[123.71437,13.15511],[123.71438,13.15512],[123.71465,13.15524],[123.71472,13.15527],[123.71482,13.15531],[123.71491,13.15534],[123.71502,13.15538],[123.71516,13.1554],[123.71594,13.15552],[123.7168,13.15564],[123.71705,13.15568],[123.71723,13.15572],[123.71735,13.15576],[123.71744,13.1558],[123.71755,13.15589],[123.71773,13.15627],[123.71779,13.1564],[123.71787,13.15652],[123.71797,13.15666],[123.71807,13.15676],[123.71817,13.15685],[123.71827,13.15693],[123.71842,13.15703],[123.7185,13.15708],[123.71861,13.15713],[123.7187,13.15717],[123.71885,13.15722],[123.719,13.15725],[123.71916,13.15728],[123.71929,13.15729],[123.71941,13.1573],[123.71949,13.15731],[123.7197,13.15733],[123.72004,13.15736],[123.7208,13.15741],[123.72088,13.15742],[123.72097,13.15742],[123.72122,13.15743],[123.72141,13.15745],[123.72181,13.15748],[123.7221,13.1575],[123.7224,13.1575],[123.7224,13.15709],[123.7224,13.15695],[123.72317,13.15693],[123.72351,13.15692],[123.72371,13.15739],[123.72392,13.15734],[123.72414,13.15727],[123.72448,13.15716],[123.72483,13.15702],[123.72503,13.15694],[123.72524,13.15686],[123.72564,13.15668],[123.72576,13.15663],[123.72597,13.15653],[123.72608,13.15648],[123.72626,13.1564],[123.72634,13.15636],[123.72656,13.15626],[123.72668,13.15621],[123.72671,13.1562],[123.72679,13.15616],[123.72688,13.15614],[123.72697,13.15612],[123.72706,13.15611],[123.72721,13.1561],[123.72735,13.1561],[123.72748,13.1561],[123.72777,13.1561],[123.72799,13.1561],[123.7281,13.1561],[123.72821,13.1561],[123.72829,13.1561],[123.72835,13.1561],[123.72884,13.15609],[123.72911,13.1561],[123.72929,13.1561],[123.73013,13.1561],[123.73048,13.15609],[123.7308,13.15609],[123.73116,13.15609],[123.73127,13.1561],[123.73136,13.15611],[123.73142,13.15612],[123.73148,13.15614],[123.73154,13.15616],[123.73167,13.15624],[123.73193,13.15639],[123.73211,13.15648],[123.73226,13.15658],[123.73245,13.15669],[123.73255,13.15676],[123.73269,13.15685],[123.73279,13.15692],[123.73296,13.15704],[123.73312,13.15714],[123.73329,13.15726],[123.73378,13.15758],[123.734,13.15772],[123.73422,13.15788],[123.73429,13.15793],[123.73434,13.158],[123.73438,13.15808],[123.7344,13.15813],[123.7344,13.15831],[123.7344,13.15869],[123.7344,13.15939],[123.7344,13.15967],[123.7344,13.15979],[123.73443,13.15988],[123.73454,13.15994],[123.73487,13.16005],[123.73525,13.16018],[123.73546,13.16028],[123.73562,13.16037],[123.73584,13.16048],[123.73613,13.16066],[123.73672,13.16103],[123.73718,13.16132],[123.73723,13.16136],[123.73788,13.16176],[123.73797,13.16182],[123.73851,13.16217],[123.73872,13.1623],[123.73899,13.16248],[123.73938,13.16272],[123.7398,13.16298],[123.74,13.16312],[123.74018,13.16322],[123.74032,13.16328],[123.74049,13.16333],[123.74063,13.16336],[123.74073,13.16337],[123.74095,13.16338],[123.74142,13.16338],[123.74285,13.16339],[123.74306,13.16339],[123.74317,13.16338],[123.74327,13.16335],[123.74337,13.16333],[123.74347,13.16328],[123.74359,13.16321],[123.74384,13.16306],[123.74437,13.16274],[123.74451,13.16266],[123.74465,13.16257],[123.74484,13.16247],[123.74501,13.1624],[123.74539,13.16228],[123.74563,13.16222],[123.74598,13.16216],[123.74671,13.16202],[123.7468,13.16199],[123.74687,13.16195],[123.74692,13.1619],[123.74695,13.16184],[123.74697,13.16177],[123.74697,13.16168],[123.74698,13.1614],[123.747,13.16071],[123.74701,13.16062],[123.74702,13.16057],[123.747,13.16048],[123.747,13.1603],[123.74701,13.16003],[123.74705,13.15895],[123.74708,13.15808],[123.74709,13.15788],[123.74711,13.15774],[123.74716,13.15762],[123.74724,13.1575],[123.74733,13.15737],[123.74735,13.15728],[123.74736,13.15709],[123.74736,13.15688],[123.74734,13.1568],[123.7473,13.15672],[123.74723,13.15658],[123.74713,13.15638],[123.74702,13.15617],[123.74689,13.15587],[123.74694,13.15586],[123.74718,13.15579],[123.74734,13.15575],[123.74843,13.15536],[123.74888,13.1552],[123.74895,13.15518],[123.7492,13.1551],[123.74932,13.15505],[123.74952,13.15498],[123.74959,13.15496],[123.75014,13.15476],[123.7502,13.15474],[123.75052,13.15465],[123.75056,13.15464],[123.75114,13.15454],[123.75128,13.1545],[123.75139,13.15446],[123.75143,13.15442],[123.75153,13.15429],[123.75155,13.15426],[123.75162,13.15417],[123.7518,13.15393],[123.75186,13.15385],[123.75192,13.15375],[123.752,13.15361],[123.75207,13.15347],[123.75211,13.15336],[123.75214,13.15329],[123.7522,13.15306],[123.7523,13.15273],[123.75243,13.15229],[123.75247,13.15213],[123.75256,13.15181],[123.7526,13.15166],[123.75267,13.15143],[123.75269,13.15135],[123.75289,13.15066],[123.75301,13.15018],[123.75264,13.1501],[123.75251,13.15007],[123.75201,13.14996],[123.75205,13.15019],[123.75207,13.15029],[123.75209,13.15038],[123.75217,13.15063],[123.7522,13.15077],[123.75222,13.15091],[123.75222,13.15094],[123.75225,13.15099],[123.75227,13.15112],[123.75225,13.15099],[123.75222,13.15094],[123.75222,13.15091],[123.7522,13.15077],[123.75217,13.15063],[123.75212,13.15046],[123.75209,13.15038],[123.75207,13.15029],[123.75205,13.15019],[123.75201,13.14996],[123.75199,13.14989],[123.75176,13.14891],[123.75171,13.14876],[123.75169,13.14866],[123.75173,13.14868],[123.7525,13.14886],[123.75292,13.14896],[123.75335,13.14904],[123.75301,13.15018],[123.75289,13.15066],[123.75269,13.15135],[123.75267,13.15143],[123.7526,13.15166],[123.75256,13.15181],[123.75247,13.15213],[123.75243,13.15229],[123.7523,13.15273],[123.7522,13.15306],[123.75214,13.15329],[123.75211,13.15336],[123.75207,13.15347],[123.752,13.15361],[123.75192,13.15375],[123.75186,13.15385],[123.7518,13.15393],[123.75162,13.15417],[123.75155,13.15426],[123.75153,13.15429],[123.75143,13.15442],[123.75139,13.15446],[123.75136,13.15451],[123.75134,13.15456],[123.75132,13.1546],[123.75131,13.15466],[123.75128,13.1549],[123.75127,13.1551],[123.75125,13.15531],[123.75122,13.15566],[123.75119,13.1561],[123.75119,13.15621],[123.75118,13.1564],[123.75117,13.15647],[123.75116,13.15677],[123.75113,13.15725],[123.75113,13.15751],[123.75113,13.15753],[123.75113,13.15767],[123.75113,13.15791],[123.75114,13.15827],[123.75114,13.1586],[123.75114,13.15864],[123.75115,13.15902],[123.75116,13.1592],[123.75116,13.15956],[123.75117,13.15973],[123.75119,13.16006],[123.75121,13.16062],[123.75123,13.16115],[123.75128,13.16239],[123.75129,13.16246],[123.7513,13.16275],[123.75131,13.16288],[123.75133,13.16333],[123.75134,13.16366],[123.75138,13.16447],[123.7514,13.16486],[123.75146,13.16624],[123.75147,13.16652],[123.75149,13.16701],[123.7515,13.16708],[123.75152,13.16764],[123.75155,13.16854],[123.75164,13.1698],[123.75165,13.17017],[123.75168,13.17062],[123.75169,13.17072],[123.7517,13.17084],[123.75172,13.17113],[123.75174,13.17141],[123.75175,13.17155],[123.75176,13.17169],[123.75177,13.1718],[123.75179,13.17206],[123.7518,13.17227],[123.75182,13.17244],[123.75184,13.17274],[123.75189,13.17321],[123.7519,13.17336],[123.75198,13.17419],[123.752,13.1744],[123.75206,13.17493],[123.75217,13.17576],[123.75222,13.17615],[123.75226,13.17643],[123.75228,13.17653],[123.75231,13.17674],[123.7524,13.1774],[123.75249,13.17786],[123.75258,13.17839],[123.75277,13.17979],[123.75279,13.17992],[123.75259,13.17995],[123.75276,13.17993],[123.75279,13.17992],[123.75277,13.17979],[123.75258,13.17839],[123.75249,13.17786],[123.7524,13.1774],[123.75231,13.17674],[123.75228,13.17653],[123.75226,13.17643],[123.75222,13.17615],[123.75217,13.17576],[123.75206,13.17493],[123.752,13.1744],[123.75198,13.17419],[123.7519,13.17336],[123.75189,13.17321],[123.75184,13.17274],[123.75182,13.17244],[123.7518,13.17227],[123.75179,13.17206],[123.75177,13.1718],[123.75176,13.17169],[123.75175,13.17155],[123.75174,13.17141],[123.75172,13.17113],[123.7517,13.17084],[123.75169,13.17072],[123.75168,13.17062],[123.75112,13.17067],[123.7509,13.17072],[123.75064,13.17081],[123.75041,13.17088],[123.75012,13.171],[123.74972,13.17112],[123.74941,13.1712],[123.74809,13.17162],[123.74749,13.17181],[123.7471,13.17194],[123.74683,13.17202],[123.74636,13.17214],[123.74624,13.17217],[123.74611,13.17219],[123.74602,13.17218],[123.74565,13.17215],[123.74556,13.17216],[123.74551,13.17216],[123.74547,13.17216],[123.74524,13.1722],[123.74503,13.17226],[123.74456,13.17234],[123.74396,13.17237],[123.74356,13.17229],[123.74333,13.17222],[123.74328,13.17221],[123.74322,13.1722],[123.74294,13.17228],[123.74268,13.17237],[123.74198,13.1718],[123.7419,13.17174],[123.74179,13.17167],[123.74157,13.17155],[123.74114,13.17136],[123.74054,13.17111],[123.74013,13.17094],[123.74005,13.17091],[123.73998,13.17086],[123.73971,13.17065],[123.73936,13.17037],[123.7393,13.17041],[123.73922,13.17043],[123.73915,13.17042],[123.73908,13.17038],[123.73905,13.17034],[123.73902,13.17029],[123.73902,13.17023],[123.73902,13.17018],[123.73905,13.17013],[123.73818,13.16971],[123.73801,13.16962],[123.73743,13.16935],[123.73656,13.16902],[123.73573,13.16876],[123.7352,13.16858],[123.73432,13.16824],[123.7342,13.1671],[123.73423,13.16696],[123.73427,13.16674],[123.73432,13.16633],[123.73434,13.16559],[123.73434,13.16545],[123.73435,13.16536],[123.73435,13.16468],[123.73437,13.16406],[123.73437,13.16338],[123.73437,13.16272],[123.73437,13.16251],[123.73437,13.16236],[123.73437,13.16222],[123.73438,13.16174],[123.73437,13.16148],[123.73438,13.16096],[123.73439,13.16058],[123.7344,13.16006],[123.73441,13.15996],[123.73443,13.15988],[123.7344,13.15979],[123.7344,13.15967],[123.7344,13.15939],[123.7344,13.15869],[123.7344,13.15831],[123.7344,13.15813],[123.73438,13.15808],[123.73434,13.158],[123.73429,13.15793],[123.73422,13.15788],[123.734,13.15772],[123.73378,13.15758],[123.73329,13.15726],[123.73312,13.15714],[123.73296,13.15704],[123.73279,13.15692],[123.73269,13.15685],[123.73255,13.15676],[123.73245,13.15669],[123.73226,13.15658],[123.73211,13.15648],[123.73193,13.15639],[123.73167,13.15624],[123.73154,13.15616],[123.73148,13.15614],[123.73142,13.15612],[123.73136,13.15611],[123.73127,13.1561],[123.73116,13.15609],[123.7308,13.15609],[123.73048,13.15609],[123.73013,13.1561],[123.72929,13.1561],[123.72911,13.1561],[123.72884,13.15609],[123.72835,13.1561],[123.72829,13.1561],[123.72821,13.1561],[123.7281,13.1561],[123.72799,13.1561],[123.72777,13.1561],[123.72748,13.1561],[123.72735,13.1561],[123.72721,13.1561],[123.72706,13.15611],[123.72697,13.15612],[123.72688,13.15614],[123.72679,13.15616],[123.72671,13.1562],[123.72668,13.15621],[123.72656,13.15626],[123.72634,13.15636],[123.72626,13.1564],[123.72608,13.15648],[123.72597,13.15653],[123.72576,13.15663],[123.72564,13.15668],[123.72524,13.15686],[123.72503,13.15694],[123.72483,13.15702],[123.72448,13.15716],[123.72414,13.15727],[123.72392,13.15734],[123.72371,13.15739],[123.72357,13.15742],[123.7233,13.15744],[123.72315,13.15746],[123.72294,13.15747],[123.7227,13.15749],[123.7224,13.1575],[123.7221,13.1575],[123.72181,13.15748],[123.72141,13.15745],[123.72122,13.15743],[123.72097,13.15742],[123.72088,13.15742],[123.7208,13.15741],[123.72004,13.15736],[123.7197,13.15733],[123.71949,13.15731],[123.71941,13.1573],[123.71929,13.15729],[123.71916,13.15728],[123.719,13.15725],[123.71885,13.15722],[123.7187,13.15717],[123.71861,13.15713],[123.7185,13.15708],[123.71842,13.15703],[123.71827,13.15693],[123.71817,13.15685],[123.71807,13.15676],[123.71797,13.15666],[123.71787,13.15652],[123.71779,13.1564],[123.71773,13.15627],[123.71755,13.15589],[123.71753,13.15569],[123.71747,13.1553],[123.71744,13.15508],[123.71743,13.15487],[123.71744,13.15461],[123.71745,13.15446],[123.71747,13.15426],[123.71749,13.15412],[123.71756,13.15385],[123.71762,13.1537],[123.71768,13.15357],[123.71782,13.1531],[123.71783,13.15304],[123.71788,13.15267],[123.71787,13.15242],[123.71787,13.15236],[123.71785,13.15223],[123.71773,13.15182],[123.7174,13.15118],[123.71738,13.15114],[123.71727,13.15098],[123.71721,13.15089],[123.71715,13.15081],[123.71706,13.15069],[123.7169,13.15049],[123.71689,13.15047],[123.71684,13.15036],[123.71678,13.15023],[123.71677,13.15017],[123.71678,13.15002],[123.71678,13.14977],[123.71552,13.14948],[123.71501,13.14937],[123.71477,13.1493],[123.71418,13.14913]]}},{"type":"Feature","properties":{"key":"daraga-arimbay-via-tahao:both","routeId":"daraga-arimbay-via-tahao","directionId":"both","label":"Daraga - Arimbay (Legazpi City) — To and from Daraga to Arimbay","color":"#111111","waypointsUsed":13,"waypointsSkipped":["Imperial Court Subd. 2","Legazpi City - Tiwi Coastal Rd.","Arimbay Chapel"],"distanceMetres":9162,"generatedBy":"scripts/data/build-transport-geometry.js"},"geometry":{"type":"LineString","coordinates":[[123.71168,13.14806],[123.71181,13.14821],[123.71189,13.14815],[123.71196,13.1481],[123.712,13.14805],[123.71208,13.14805],[123.71213,13.14805],[123.71222,13.14804],[123.71227,13.14804],[123.71229,13.14805],[123.71243,13.1481],[123.71252,13.1481],[123.71268,13.14815],[123.71307,13.14829],[123.71345,13.14842],[123.71412,13.14864],[123.7142,13.14868],[123.7144,13.14876],[123.71508,13.14899],[123.71518,13.149],[123.71538,13.14899],[123.71599,13.14895],[123.71691,13.14889],[123.71713,13.14885],[123.71728,13.14881],[123.71756,13.14875],[123.71873,13.14842],[123.71923,13.14827],[123.71941,13.14822],[123.72002,13.14806],[123.72009,13.14804],[123.72049,13.14795],[123.72089,13.14786],[123.72097,13.14784],[123.72102,13.14782],[123.72107,13.1478],[123.72115,13.14775],[123.72121,13.14771],[123.72136,13.1476],[123.72159,13.14742],[123.72167,13.14736],[123.72189,13.14718],[123.72231,13.14689],[123.72252,13.14672],[123.72279,13.14651],[123.72292,13.14641],[123.72305,13.1463],[123.72308,13.14627],[123.72345,13.14597],[123.72351,13.14592],[123.72381,13.14569],[123.7241,13.14548],[123.72461,13.14509],[123.72486,13.14489],[123.72529,13.14451],[123.72535,13.14446],[123.72556,13.14429],[123.72593,13.14399],[123.72596,13.14396],[123.72625,13.14373],[123.72679,13.14331],[123.72706,13.14311],[123.72763,13.1436],[123.72812,13.14402],[123.72872,13.14453],[123.72874,13.14454],[123.72892,13.1447],[123.729,13.14477],[123.72926,13.14499],[123.72952,13.14522],[123.72991,13.14556],[123.73007,13.1457],[123.73009,13.14572],[123.73017,13.14579],[123.73047,13.14605],[123.73049,13.14606],[123.731,13.14648],[123.73125,13.1467],[123.73133,13.1466],[123.73135,13.1466],[123.73136,13.1466],[123.73138,13.1466],[123.73168,13.14687],[123.7317,13.14685],[123.73174,13.14681],[123.73175,13.14679],[123.73222,13.14622],[123.73278,13.1455],[123.73292,13.14536],[123.73312,13.14517],[123.73317,13.14511],[123.7333,13.14502],[123.73354,13.14487],[123.73368,13.14477],[123.73376,13.14473],[123.73411,13.14459],[123.73454,13.14443],[123.73454,13.14447],[123.73454,13.14449],[123.73455,13.14498],[123.73455,13.14514],[123.73455,13.14522],[123.73455,13.14566],[123.73455,13.14586],[123.73455,13.14596],[123.73454,13.14621],[123.73452,13.14672],[123.73506,13.14671],[123.73518,13.1467],[123.73524,13.14668],[123.73593,13.14634],[123.73619,13.14621],[123.73627,13.14617],[123.73635,13.14614],[123.7364,13.14613],[123.73645,13.14612],[123.73691,13.14611],[123.73747,13.14609],[123.73802,13.14609],[123.73826,13.14609],[123.7387,13.14608],[123.73895,13.14608],[123.73925,13.14608],[123.73964,13.14608],[123.73979,13.14608],[123.74044,13.14607],[123.74062,13.14607],[123.7408,13.14606],[123.74097,13.14606],[123.74122,13.14606],[123.74171,13.14606],[123.74196,13.14605],[123.74218,13.14604],[123.74251,13.14602],[123.74299,13.14598],[123.74326,13.14597],[123.7435,13.14594],[123.74349,13.14606],[123.74348,13.14625],[123.74348,13.14641],[123.74346,13.14663],[123.74345,13.14672],[123.74344,13.14682],[123.74343,13.1469],[123.74341,13.14698],[123.74339,13.14708],[123.74338,13.14714],[123.74334,13.14732],[123.74332,13.14741],[123.74329,13.14756],[123.74327,13.14766],[123.74324,13.14779],[123.7432,13.14803],[123.74316,13.14819],[123.74312,13.14842],[123.74309,13.14858],[123.74307,13.14868],[123.74306,13.14873],[123.74305,13.14882],[123.74304,13.14895],[123.74304,13.14897],[123.74303,13.14908],[123.74303,13.14915],[123.74353,13.14914],[123.7435,13.14907],[123.74347,13.14896],[123.74345,13.14894],[123.74343,13.14894],[123.74304,13.14897],[123.74304,13.14895],[123.74305,13.14882],[123.74306,13.14873],[123.74307,13.14868],[123.74309,13.14858],[123.74312,13.14842],[123.74316,13.14819],[123.7432,13.14803],[123.74324,13.14779],[123.74327,13.14766],[123.74329,13.14756],[123.74332,13.14741],[123.74334,13.14732],[123.74338,13.14714],[123.74339,13.14708],[123.74341,13.14698],[123.74343,13.1469],[123.74344,13.14682],[123.74345,13.14672],[123.74346,13.14663],[123.74348,13.14641],[123.74348,13.14625],[123.74349,13.14606],[123.7435,13.14594],[123.74353,13.14568],[123.74355,13.14546],[123.74358,13.14492],[123.74359,13.14444],[123.74365,13.14357],[123.74365,13.14347],[123.74365,13.14343],[123.74389,13.14344],[123.74402,13.14345],[123.7443,13.14347],[123.74435,13.14347],[123.74467,13.14352],[123.74489,13.14357],[123.74503,13.1436],[123.74517,13.14364],[123.7453,13.14367],[123.74543,13.1437],[123.74556,13.14372],[123.74569,13.14374],[123.74563,13.1444],[123.74562,13.14457],[123.74561,13.14476],[123.7455,13.14475],[123.7447,13.1447],[123.74445,13.14468],[123.74428,13.14466],[123.7442,13.1446],[123.74413,13.14452],[123.74406,13.14447],[123.74392,13.14446],[123.74379,13.14445],[123.7437,13.14444],[123.74359,13.14444],[123.74365,13.14357],[123.74365,13.14347],[123.74365,13.14343],[123.74389,13.14344],[123.74402,13.14345],[123.7443,13.14347],[123.74467,13.14352],[123.74489,13.14357],[123.74503,13.1436],[123.74506,13.14341],[123.74509,13.14328],[123.74515,13.14323],[123.7452,13.14321],[123.74526,13.1432],[123.74538,13.1432],[123.74565,13.14321],[123.74573,13.14321],[123.74621,13.14324],[123.74635,13.14331],[123.74642,13.14339],[123.74641,13.14349],[123.7464,13.14365],[123.74638,13.14382],[123.7462,13.14381],[123.74608,13.1438],[123.74587,13.14377],[123.74585,13.14397],[123.74582,13.14435],[123.74578,13.14477],[123.74578,13.14482],[123.74576,13.145],[123.74575,13.14509],[123.74575,13.14516],[123.74573,13.1454],[123.74571,13.14567],[123.74569,13.14587],[123.74566,13.14614],[123.74563,13.14642],[123.7455,13.14637],[123.7453,13.14631],[123.74518,13.14625],[123.74507,13.1462],[123.74497,13.14616],[123.74489,13.14614],[123.74481,13.14612],[123.7447,13.14611],[123.74465,13.14611],[123.74457,13.14611],[123.74457,13.14611],[123.74443,13.1461],[123.74432,13.14608],[123.74414,13.14604],[123.74399,13.14602],[123.74376,13.14597],[123.74373,13.14596],[123.74366,13.14595],[123.74359,13.14594],[123.7435,13.14594],[123.74349,13.14606],[123.74348,13.14625],[123.74348,13.14641],[123.74346,13.14663],[123.74345,13.14672],[123.74344,13.14682],[123.74343,13.1469],[123.74341,13.14698],[123.74339,13.14708],[123.74338,13.14714],[123.74355,13.14713],[123.74375,13.14711],[123.74394,13.1471],[123.74402,13.1471],[123.74407,13.14713],[123.74411,13.14716],[123.74417,13.1472],[123.74423,13.14722],[123.7443,13.14723],[123.74442,13.14724],[123.74455,13.14725],[123.74469,13.14727],[123.74487,13.14728],[123.7451,13.14731],[123.74529,13.14733],[123.74552,13.14735],[123.74596,13.14739],[123.74644,13.14744],[123.74741,13.14752],[123.74776,13.14755],[123.74781,13.14746],[123.74788,13.14728],[123.74795,13.14711],[123.748,13.14697],[123.74802,13.14689],[123.74804,13.14682],[123.74805,13.14678],[123.74805,13.14666],[123.74855,13.14669],[123.74862,13.14669],[123.74894,13.14663],[123.74896,13.14662],[123.74901,13.1466],[123.74908,13.14657],[123.74916,13.14653],[123.74922,13.14648],[123.74933,13.14637],[123.74946,13.14625],[123.7495,13.14621],[123.74957,13.14615],[123.74965,13.14611],[123.74968,13.1461],[123.74989,13.14607],[123.75003,13.14609],[123.75027,13.14613],[123.75036,13.14615],[123.75056,13.14617],[123.75075,13.14619],[123.75098,13.14624],[123.75102,13.14625],[123.75124,13.14628],[123.7514,13.14632],[123.75154,13.14636],[123.75169,13.14642],[123.75163,13.14656],[123.75162,13.14658],[123.7516,13.14662],[123.75159,13.14663],[123.75158,13.14663],[123.75156,13.14665],[123.75155,13.14667],[123.75153,13.14672],[123.7515,13.14677],[123.75136,13.14703],[123.75136,13.14703],[123.7515,13.14677],[123.75153,13.14672],[123.75155,13.14667],[123.75156,13.14665],[123.75158,13.14663],[123.75159,13.14663],[123.7516,13.14662],[123.75162,13.14658],[123.75163,13.14656],[123.75169,13.14642],[123.75154,13.14636],[123.7514,13.14632],[123.75124,13.14628],[123.75102,13.14625],[123.75098,13.14624],[123.75075,13.14619],[123.75076,13.14609],[123.75079,13.14603],[123.75094,13.14579],[123.75114,13.1455],[123.75126,13.14529],[123.75127,13.14521],[123.7513,13.14512],[123.75137,13.145],[123.75157,13.14483],[123.75165,13.14476],[123.75176,13.14467],[123.75199,13.14449],[123.75237,13.14427],[123.75242,13.14437],[123.75245,13.14447],[123.75247,13.14462],[123.75307,13.14454],[123.75316,13.14456],[123.75321,13.14459],[123.75326,13.14464],[123.7533,13.14468],[123.75341,13.14486],[123.75348,13.14502],[123.75355,13.14524],[123.75362,13.14548],[123.75363,13.1455],[123.75367,13.14569],[123.75368,13.1458],[123.75367,13.14588],[123.75367,13.14597],[123.75366,13.14602],[123.75364,13.14608],[123.75362,13.14612],[123.7536,13.14615],[123.75353,13.14634],[123.75345,13.14655],[123.75366,13.14658],[123.75377,13.14659],[123.75388,13.1466],[123.75409,13.14662],[123.75399,13.14694],[123.75389,13.14723]]}},{"type":"Feature","properties":{"key":"daraga-rawis-a:outbound","routeId":"daraga-rawis-a","directionId":"outbound","label":"Daraga - Rawis \"A\" — From Daraga to Rawis","color":"#111111","waypointsUsed":15,"waypointsSkipped":["Gov. Forbes St."],"distanceMetres":15437,"generatedBy":"scripts/data/build-transport-geometry.js"},"geometry":{"type":"LineString","coordinates":[[123.71168,13.14806],[123.71181,13.14821],[123.71189,13.14815],[123.71196,13.1481],[123.712,13.14805],[123.71208,13.14805],[123.71213,13.14805],[123.71222,13.14804],[123.71227,13.14804],[123.71229,13.14805],[123.71243,13.1481],[123.71252,13.1481],[123.71268,13.14815],[123.71307,13.14829],[123.71345,13.14842],[123.71412,13.14864],[123.7142,13.14868],[123.7144,13.14876],[123.71508,13.14899],[123.71518,13.149],[123.71538,13.14899],[123.71599,13.14895],[123.71691,13.14889],[123.71713,13.14885],[123.71728,13.14881],[123.71756,13.14875],[123.71873,13.14842],[123.71923,13.14827],[123.71941,13.14822],[123.72002,13.14806],[123.72009,13.14804],[123.72049,13.14795],[123.72089,13.14786],[123.72097,13.14784],[123.72102,13.14782],[123.72107,13.1478],[123.72115,13.14775],[123.72121,13.14771],[123.72136,13.1476],[123.72159,13.14742],[123.72167,13.14736],[123.72189,13.14718],[123.72231,13.14689],[123.72252,13.14672],[123.72279,13.14651],[123.72292,13.14641],[123.72305,13.1463],[123.72308,13.14627],[123.72345,13.14597],[123.72351,13.14592],[123.72381,13.14569],[123.7241,13.14548],[123.72461,13.14509],[123.72486,13.14489],[123.72529,13.14451],[123.72535,13.14446],[123.72556,13.14429],[123.72593,13.14399],[123.72596,13.14396],[123.72625,13.14373],[123.72679,13.14331],[123.72706,13.14311],[123.72727,13.14297],[123.72778,13.14269],[123.72821,13.14245],[123.72845,13.14231],[123.72854,13.14225],[123.72859,13.14222],[123.72862,13.1422],[123.72866,13.14216],[123.72886,13.14197],[123.72898,13.14184],[123.72919,13.14159],[123.72923,13.14154],[123.72938,13.14136],[123.72976,13.1409],[123.72992,13.14074],[123.73004,13.14062],[123.73013,13.14051],[123.73028,13.14038],[123.73036,13.1403],[123.73053,13.14016],[123.73072,13.14002],[123.73096,13.13983],[123.73123,13.13965],[123.73125,13.13963],[123.73137,13.13955],[123.73152,13.13945],[123.73159,13.13941],[123.73178,13.13931],[123.73239,13.13903],[123.73261,13.13891],[123.73269,13.13886],[123.73275,13.13883],[123.73279,13.13882],[123.73285,13.1388],[123.73297,13.1388],[123.73309,13.13879],[123.73321,13.13879],[123.73359,13.13878],[123.73373,13.13878],[123.7338,13.13877],[123.73387,13.13875],[123.73391,13.13873],[123.73394,13.1387],[123.73398,13.13865],[123.73404,13.13858],[123.73409,13.13854],[123.73414,13.13851],[123.73421,13.13849],[123.73426,13.13848],[123.73434,13.13847],[123.73461,13.13848],[123.73485,13.13848],[123.73515,13.1385],[123.73534,13.1385],[123.7357,13.13851],[123.73599,13.13851],[123.73606,13.13852],[123.73604,13.13876],[123.73597,13.13876],[123.73592,13.13877],[123.73588,13.13879],[123.73586,13.13881],[123.73584,13.13885],[123.73584,13.13885],[123.73584,13.13893],[123.73586,13.13897],[123.73589,13.13899],[123.73593,13.13901],[123.73603,13.13902],[123.73602,13.13924],[123.73533,13.13922],[123.73499,13.1392],[123.73495,13.13921],[123.73489,13.13922],[123.73479,13.13922],[123.73457,13.13922],[123.73458,13.13965],[123.73457,13.13985],[123.73457,13.13986],[123.73457,13.14008],[123.73457,13.14026],[123.73457,13.14048],[123.73456,13.14089],[123.73456,13.14125],[123.73456,13.14133],[123.73456,13.14141],[123.73456,13.14164],[123.73456,13.1417],[123.73456,13.14187],[123.73455,13.14234],[123.73455,13.14245],[123.73455,13.14255],[123.73454,13.14317],[123.73454,13.14329],[123.73454,13.14336],[123.73454,13.1436],[123.73453,13.14409],[123.73454,13.14433],[123.73454,13.14443],[123.73454,13.14447],[123.73454,13.14449],[123.73455,13.14498],[123.73455,13.14514],[123.73455,13.14522],[123.73455,13.14566],[123.73455,13.14586],[123.73455,13.14596],[123.73454,13.14621],[123.73452,13.14672],[123.7345,13.1472],[123.73449,13.14757],[123.73449,13.14764],[123.7345,13.148],[123.7345,13.14808],[123.7345,13.14868],[123.73449,13.14918],[123.73449,13.14944],[123.73447,13.15025],[123.73447,13.15046],[123.73446,13.15064],[123.73445,13.1513],[123.73445,13.15132],[123.73445,13.15157],[123.73446,13.15182],[123.73446,13.1519],[123.73445,13.15219],[123.73445,13.15231],[123.73445,13.15245],[123.73445,13.15272],[123.73445,13.15275],[123.73445,13.15281],[123.73444,13.15333],[123.73444,13.15344],[123.73444,13.15363],[123.73444,13.15369],[123.73444,13.15395],[123.73444,13.15421],[123.73444,13.15431],[123.73444,13.15447],[123.73443,13.15484],[123.73443,13.15513],[123.73443,13.1553],[123.73442,13.1555],[123.73439,13.1558],[123.73439,13.15585],[123.7344,13.15589],[123.73442,13.15593],[123.73446,13.15596],[123.73451,13.15598],[123.73457,13.15598],[123.73488,13.15598],[123.73526,13.15595],[123.73533,13.15596],[123.73559,13.15596],[123.73568,13.15596],[123.73593,13.15596],[123.73638,13.15595],[123.7369,13.15594],[123.73697,13.15595],[123.73742,13.15594],[123.73783,13.15594],[123.73789,13.15595],[123.7382,13.15596],[123.7383,13.15595],[123.73861,13.15595],[123.7387,13.15595],[123.73928,13.15594],[123.73982,13.15593],[123.73988,13.15593],[123.74031,13.15592],[123.74044,13.15592],[123.74055,13.15592],[123.74102,13.15593],[123.74113,13.15593],[123.74154,13.15592],[123.74164,13.15593],[123.74208,13.15593],[123.74288,13.15589],[123.74302,13.15589],[123.74315,13.1559],[123.74312,13.15542],[123.74312,13.15534],[123.74311,13.15529],[123.74221,13.15528],[123.7429,13.15529],[123.74311,13.15529],[123.74312,13.15534],[123.74312,13.15542],[123.74315,13.1559],[123.74337,13.15588],[123.74355,13.15588],[123.74364,13.15588],[123.74367,13.15588],[123.74394,13.15587],[123.74428,13.15587],[123.74453,13.15587],[123.74486,13.15587],[123.74532,13.15589],[123.74538,13.15589],[123.74542,13.15589],[123.74557,13.15589],[123.7463,13.15589],[123.74663,13.15589],[123.74689,13.15587],[123.74694,13.15586],[123.74718,13.15579],[123.74719,13.15558],[123.74719,13.15542],[123.7472,13.15523],[123.7472,13.15514],[123.7472,13.15498],[123.7472,13.1547],[123.74673,13.15469],[123.74675,13.15357],[123.74675,13.1534],[123.74677,13.15286],[123.74747,13.15285],[123.74747,13.15267],[123.74746,13.15252],[123.74745,13.15249],[123.74742,13.15245],[123.74734,13.15239],[123.74723,13.15233],[123.74716,13.15225],[123.74709,13.15211],[123.74706,13.15201],[123.74701,13.15181],[123.747,13.15177],[123.747,13.15172],[123.747,13.15167],[123.747,13.15162],[123.74701,13.15155],[123.74702,13.1515],[123.74703,13.15141],[123.74711,13.15117],[123.74714,13.15106],[123.74722,13.1507],[123.74728,13.15034],[123.74731,13.15017],[123.74733,13.15005],[123.74739,13.14972],[123.74742,13.14951],[123.74743,13.14946],[123.74748,13.14909],[123.74752,13.14882],[123.74754,13.14869],[123.74756,13.14857],[123.74761,13.14828],[123.74764,13.14815],[123.74765,13.14809],[123.7477,13.14781],[123.74772,13.14768],[123.74774,13.1476],[123.74776,13.14755],[123.74781,13.14746],[123.74788,13.14728],[123.74795,13.14711],[123.748,13.14697],[123.74802,13.14689],[123.74804,13.14682],[123.74805,13.14678],[123.74805,13.14666],[123.74855,13.14669],[123.74854,13.14657],[123.74852,13.14646],[123.74851,13.14644],[123.74849,13.14636],[123.74846,13.14629],[123.74845,13.14624],[123.74832,13.14591],[123.74825,13.14573],[123.74809,13.14527],[123.74825,13.14573],[123.74832,13.14591],[123.74845,13.14624],[123.74849,13.14636],[123.74851,13.14644],[123.74852,13.14646],[123.74854,13.14657],[123.74855,13.14669],[123.74862,13.14669],[123.74894,13.14663],[123.74896,13.14662],[123.74901,13.1466],[123.74908,13.14657],[123.74916,13.14653],[123.74922,13.14648],[123.74933,13.14637],[123.74946,13.14625],[123.7495,13.14621],[123.74957,13.14615],[123.74965,13.14611],[123.74968,13.1461],[123.74989,13.14607],[123.75003,13.14609],[123.75027,13.14613],[123.75036,13.14615],[123.75056,13.14617],[123.75075,13.14619],[123.75098,13.14624],[123.75102,13.14625],[123.75124,13.14628],[123.7514,13.14632],[123.75154,13.14636],[123.75169,13.14642],[123.75163,13.14656],[123.75162,13.14658],[123.7516,13.14662],[123.75159,13.14663],[123.75158,13.14663],[123.75156,13.14665],[123.75155,13.14667],[123.75153,13.14672],[123.7515,13.14677],[123.75136,13.14703],[123.75136,13.14703],[123.7515,13.14677],[123.75153,13.14672],[123.75155,13.14667],[123.75156,13.14665],[123.75158,13.14663],[123.75159,13.14663],[123.7516,13.14662],[123.75162,13.14658],[123.75163,13.14656],[123.75169,13.14642],[123.75154,13.14636],[123.7514,13.14632],[123.75124,13.14628],[123.75102,13.14625],[123.75098,13.14624],[123.75075,13.14619],[123.75076,13.14609],[123.75079,13.14603],[123.75094,13.14579],[123.75114,13.1455],[123.75126,13.14529],[123.75127,13.14521],[123.7513,13.14512],[123.75137,13.145],[123.75157,13.14483],[123.75165,13.14476],[123.75176,13.14467],[123.75199,13.14449],[123.75237,13.14427],[123.75242,13.14437],[123.75245,13.14447],[123.75247,13.14462],[123.75307,13.14454],[123.75316,13.14456],[123.75321,13.14459],[123.75326,13.14464],[123.7533,13.14468],[123.75341,13.14486],[123.75348,13.14502],[123.75355,13.14524],[123.75362,13.14548],[123.75363,13.1455],[123.75367,13.14569],[123.75368,13.1458],[123.75367,13.14588],[123.75367,13.14597],[123.75366,13.14602],[123.75364,13.14608],[123.75362,13.14612],[123.7536,13.14615],[123.75353,13.14634],[123.75345,13.14655],[123.75366,13.14658],[123.75377,13.14659],[123.75388,13.1466],[123.75409,13.14662],[123.75433,13.14664],[123.75448,13.14665],[123.7547,13.14665],[123.7548,13.14665],[123.75486,13.14665],[123.75494,13.14665],[123.7551,13.14664],[123.75522,13.14663],[123.75527,13.14663],[123.7553,13.14662],[123.75534,13.1466],[123.75536,13.14658],[123.7554,13.14656],[123.75567,13.14631],[123.75574,13.14624],[123.75583,13.14615],[123.75587,13.14611],[123.75589,13.14607],[123.7559,13.14605],[123.75592,13.14602],[123.75593,13.14599],[123.75595,13.14596],[123.75596,13.14591],[123.75607,13.14548],[123.75616,13.14505],[123.75619,13.14494],[123.75621,13.14488],[123.75628,13.14489],[123.75634,13.1449],[123.75631,13.14496],[123.75629,13.14502],[123.75627,13.14506],[123.75625,13.14517],[123.75623,13.14537],[123.75621,13.14546],[123.75619,13.14552],[123.75612,13.14574],[123.75606,13.14594],[123.75602,13.14606],[123.7559,13.14605],[123.75592,13.14602],[123.75593,13.14599],[123.75595,13.14596],[123.75596,13.14591],[123.75607,13.14548],[123.75616,13.14505],[123.75619,13.14494],[123.75621,13.14488],[123.75621,13.14486],[123.75628,13.14471],[123.75635,13.14456],[123.75649,13.1443],[123.75656,13.1442],[123.75662,13.14411],[123.75668,13.14404],[123.75676,13.14396],[123.75684,13.14389],[123.75696,13.14378],[123.75704,13.14371],[123.75735,13.14345],[123.75752,13.14333],[123.7577,13.14323],[123.7577,13.14323],[123.75781,13.14317],[123.75791,13.14312],[123.75801,13.14308],[123.75828,13.14299],[123.7584,13.14297],[123.75853,13.14293],[123.75863,13.14293],[123.75868,13.14294],[123.7587,13.14294],[123.75873,13.14295],[123.7588,13.14297],[123.7588,13.14305],[123.7588,13.14308],[123.75879,13.14312],[123.75879,13.14316],[123.75881,13.14318],[123.75882,13.1432],[123.75884,13.14321],[123.75887,13.14321],[123.75889,13.14322],[123.75891,13.14322],[123.75894,13.1432],[123.75896,13.14318],[123.75908,13.14309],[123.759,13.14305],[123.75892,13.14302],[123.75887,13.143],[123.7588,13.14297],[123.75873,13.14295],[123.7587,13.14294],[123.75868,13.14294],[123.75863,13.14293],[123.75853,13.14293],[123.7584,13.14297],[123.75828,13.14299],[123.75801,13.14308],[123.75791,13.14312],[123.75781,13.14317],[123.7577,13.14323],[123.75752,13.14333],[123.75735,13.14345],[123.75704,13.14371],[123.75696,13.14378],[123.75684,13.14389],[123.75676,13.14396],[123.75683,13.14405],[123.75686,13.1441],[123.75687,13.14413],[123.75687,13.14416],[123.75684,13.14419],[123.75679,13.14425],[123.75673,13.14431],[123.75671,13.14434],[123.75664,13.14443],[123.75655,13.14454],[123.75645,13.14469],[123.75634,13.1449],[123.75631,13.14496],[123.75627,13.14506],[123.75625,13.14517],[123.75623,13.14537],[123.75621,13.14546],[123.75619,13.14552],[123.75612,13.14574],[123.75606,13.14594],[123.75602,13.14606],[123.756,13.14612],[123.75598,13.14617],[123.75596,13.14623],[123.75593,13.14629],[123.75588,13.14638],[123.75576,13.14657],[123.75562,13.1468],[123.75551,13.14697],[123.75541,13.14715],[123.75531,13.14734],[123.75513,13.14772],[123.75497,13.14806],[123.75494,13.14812],[123.75491,13.14822],[123.75483,13.14856],[123.75475,13.149],[123.75463,13.14951],[123.75459,13.14968],[123.7545,13.1501],[123.7544,13.15048],[123.75408,13.1504],[123.75375,13.15034],[123.75371,13.15033],[123.75342,13.15026],[123.75301,13.15018],[123.75289,13.15066],[123.75269,13.15135],[123.75267,13.15143],[123.7526,13.15166],[123.75256,13.15181],[123.75247,13.15213],[123.75243,13.15229],[123.7523,13.15273],[123.7522,13.15306],[123.75214,13.15329],[123.75211,13.15336],[123.75207,13.15347],[123.752,13.15361],[123.75192,13.15375],[123.75186,13.15385],[123.7518,13.15393],[123.75162,13.15417],[123.75155,13.15426],[123.75153,13.15429],[123.75143,13.15442],[123.75139,13.15446],[123.75136,13.15451],[123.75134,13.15456],[123.75132,13.1546],[123.75131,13.15466],[123.75128,13.1549],[123.75127,13.1551],[123.75125,13.15531],[123.75122,13.15566],[123.75119,13.1561],[123.75119,13.15621],[123.75118,13.1564],[123.75117,13.15647],[123.75116,13.15677],[123.75113,13.15725],[123.75113,13.15751],[123.75113,13.15753],[123.75113,13.15767],[123.75113,13.15791],[123.75114,13.15827],[123.75114,13.1586],[123.75114,13.15864],[123.75115,13.15902],[123.75116,13.1592],[123.75116,13.15956],[123.75117,13.15973],[123.75119,13.16006],[123.75121,13.16062],[123.75123,13.16115],[123.75128,13.16239],[123.75129,13.16246],[123.7513,13.16275],[123.75131,13.16288],[123.75133,13.16333],[123.75134,13.16366],[123.75138,13.16447],[123.7514,13.16486],[123.75146,13.16624],[123.75147,13.16652],[123.75149,13.16701],[123.7515,13.16708],[123.75152,13.16764],[123.75155,13.16854],[123.75164,13.1698],[123.75165,13.17017],[123.75168,13.17062],[123.75169,13.17072],[123.7517,13.17084],[123.75172,13.17113],[123.75174,13.17141],[123.75175,13.17155],[123.75176,13.17169],[123.75177,13.1718],[123.75179,13.17206],[123.7518,13.17227],[123.75182,13.17244],[123.75184,13.17274],[123.75189,13.17321],[123.7519,13.17336],[123.75198,13.17419],[123.752,13.1744],[123.75206,13.17493],[123.75217,13.17576],[123.75222,13.17615],[123.75226,13.17643],[123.75228,13.17653],[123.75231,13.17674],[123.7524,13.1774],[123.75249,13.17786],[123.75258,13.17839],[123.75277,13.17979],[123.75279,13.17992],[123.75276,13.17993]]}},{"type":"Feature","properties":{"key":"daraga-rawis-a:inbound","routeId":"daraga-rawis-a","directionId":"inbound","label":"Daraga - Rawis \"A\" — From Rawis to Daraga","color":"#f0b429","waypointsUsed":7,"waypointsSkipped":["AH 26"],"distanceMetres":12149,"generatedBy":"scripts/data/build-transport-geometry.js"},"geometry":{"type":"LineString","coordinates":[[123.75276,13.17993],[123.75279,13.17992],[123.75277,13.17979],[123.75258,13.17839],[123.75249,13.17786],[123.7524,13.1774],[123.75231,13.17674],[123.75228,13.17653],[123.75226,13.17643],[123.75222,13.17615],[123.75217,13.17576],[123.75206,13.17493],[123.752,13.1744],[123.75198,13.17419],[123.7519,13.17336],[123.75189,13.17321],[123.75184,13.17274],[123.75182,13.17244],[123.7518,13.17227],[123.75179,13.17206],[123.75177,13.1718],[123.75176,13.17169],[123.75175,13.17155],[123.75174,13.17141],[123.75172,13.17113],[123.7517,13.17084],[123.75169,13.17072],[123.75168,13.17062],[123.75165,13.17017],[123.75164,13.1698],[123.75155,13.16854],[123.75152,13.16764],[123.7515,13.16708],[123.75149,13.16701],[123.75147,13.16652],[123.75146,13.16624],[123.7514,13.16486],[123.75138,13.16447],[123.75134,13.16366],[123.75133,13.16333],[123.75131,13.16288],[123.7513,13.16275],[123.75129,13.16246],[123.75128,13.16239],[123.75123,13.16115],[123.75121,13.16062],[123.75119,13.16006],[123.75117,13.15973],[123.75116,13.15956],[123.75116,13.1592],[123.75115,13.15902],[123.75114,13.15864],[123.75114,13.1586],[123.75114,13.15827],[123.75113,13.15791],[123.75113,13.15767],[123.75113,13.15753],[123.75113,13.15751],[123.75113,13.15725],[123.75116,13.15677],[123.75117,13.15647],[123.75118,13.1564],[123.75119,13.15621],[123.75119,13.1561],[123.75122,13.15566],[123.75125,13.15531],[123.75142,13.15532],[123.75197,13.1554],[123.7521,13.15541],[123.75239,13.15544],[123.75245,13.15545],[123.75271,13.15547],[123.75294,13.15549],[123.75316,13.15551],[123.7536,13.15555],[123.7538,13.15557],[123.75387,13.15557],[123.75419,13.15558],[123.75419,13.15541],[123.7542,13.15509],[123.7542,13.15497],[123.75423,13.15401],[123.75423,13.15362],[123.75425,13.15288],[123.75427,13.15216],[123.75428,13.15165],[123.75429,13.15136],[123.75431,13.15114],[123.75434,13.15088],[123.75437,13.15066],[123.7544,13.15048],[123.75408,13.1504],[123.75375,13.15034],[123.75371,13.15033],[123.75342,13.15026],[123.75301,13.15018],[123.75264,13.1501],[123.75201,13.14996],[123.75205,13.15019],[123.75207,13.15029],[123.75209,13.15038],[123.75217,13.15063],[123.7522,13.15077],[123.75222,13.15091],[123.75222,13.15094],[123.75225,13.15099],[123.75227,13.15112],[123.75225,13.15099],[123.75222,13.15094],[123.75222,13.15091],[123.7522,13.15077],[123.75217,13.15063],[123.75212,13.15046],[123.75209,13.15038],[123.75207,13.15029],[123.75205,13.15019],[123.75201,13.14996],[123.75199,13.14989],[123.75176,13.14891],[123.75171,13.14876],[123.75169,13.14866],[123.75171,13.14857],[123.75175,13.14849],[123.75206,13.14809],[123.7527,13.14734],[123.75276,13.14728],[123.75276,13.14727],[123.75276,13.14725],[123.75276,13.14724],[123.75276,13.14723],[123.75277,13.14722],[123.75278,13.14721],[123.75275,13.14718],[123.75271,13.14712],[123.75265,13.14705],[123.75257,13.14696],[123.75252,13.14686],[123.75249,13.14681],[123.75247,13.14669],[123.75247,13.14655],[123.75248,13.14646],[123.75251,13.14637],[123.75255,13.14623],[123.75259,13.14612],[123.75266,13.14592],[123.75274,13.14569],[123.75284,13.14541],[123.75292,13.14516],[123.75293,13.14513],[123.75297,13.14503],[123.75301,13.14492],[123.75304,13.14482],[123.75306,13.14471],[123.75306,13.14468],[123.75306,13.14464],[123.75307,13.14454],[123.75304,13.14443],[123.75302,13.14438],[123.75296,13.14425],[123.75281,13.14398],[123.75276,13.14388],[123.75268,13.14374],[123.75254,13.14353],[123.75248,13.14344],[123.75239,13.1433],[123.75223,13.14305],[123.75213,13.14293],[123.75204,13.14282],[123.75198,13.14276],[123.75188,13.14266],[123.75175,13.14255],[123.75155,13.1424],[123.7515,13.14236],[123.75135,13.14226],[123.75117,13.14216],[123.75099,13.14207],[123.75089,13.14202],[123.75083,13.142],[123.7508,13.14198],[123.75077,13.14197],[123.75067,13.14193],[123.75052,13.14189],[123.75044,13.14187],[123.75029,13.14182],[123.74999,13.14174],[123.74935,13.14158],[123.74922,13.14154],[123.74911,13.1415],[123.74909,13.1415],[123.74905,13.14148],[123.74893,13.14143],[123.74888,13.1414],[123.74864,13.14128],[123.74832,13.14112],[123.74813,13.1415],[123.74796,13.14185],[123.7477,13.14239],[123.74761,13.14264],[123.74756,13.14278],[123.74752,13.14288],[123.74759,13.14289],[123.74772,13.14291],[123.74787,13.14296],[123.74822,13.14307],[123.7483,13.1431],[123.74839,13.14316],[123.7486,13.1433],[123.74862,13.1433],[123.74864,13.14329],[123.74867,13.14323],[123.74879,13.1429],[123.74865,13.14285],[123.74841,13.14275],[123.74828,13.14267],[123.74824,13.14264],[123.74822,13.14259],[123.7482,13.14254],[123.74819,13.14247],[123.7482,13.14241],[123.74821,13.14239],[123.74826,13.14224],[123.74846,13.14172],[123.74846,13.14172],[123.74845,13.1417],[123.74844,13.14168],[123.74813,13.1415],[123.74832,13.14112],[123.74864,13.14128],[123.74888,13.1414],[123.74893,13.14143],[123.74905,13.14148],[123.74909,13.1415],[123.74911,13.1415],[123.74922,13.14154],[123.74935,13.14158],[123.74999,13.14174],[123.75029,13.14182],[123.75044,13.14187],[123.75052,13.14189],[123.75067,13.14193],[123.75077,13.14197],[123.7508,13.14198],[123.75083,13.142],[123.75089,13.14202],[123.75099,13.14207],[123.75117,13.14216],[123.75135,13.14226],[123.7515,13.14236],[123.75155,13.1424],[123.75175,13.14255],[123.75188,13.14266],[123.75198,13.14276],[123.75204,13.14282],[123.75213,13.14293],[123.75223,13.14305],[123.75239,13.1433],[123.75248,13.14344],[123.75254,13.14353],[123.75223,13.14378],[123.75224,13.14388],[123.75226,13.14396],[123.7523,13.14408],[123.75234,13.14419],[123.75235,13.14423],[123.75257,13.14411],[123.75266,13.14406],[123.75281,13.14398],[123.75276,13.14388],[123.75268,13.14374],[123.75254,13.14353],[123.75248,13.14344],[123.75239,13.1433],[123.75223,13.14305],[123.75213,13.14293],[123.75204,13.14282],[123.75198,13.14276],[123.75188,13.14266],[123.75175,13.14255],[123.75155,13.1424],[123.7515,13.14236],[123.75135,13.14226],[123.75117,13.14216],[123.75099,13.14207],[123.75089,13.14202],[123.75083,13.142],[123.7508,13.14198],[123.75077,13.14197],[123.75067,13.14193],[123.75052,13.14189],[123.75044,13.14187],[123.75029,13.14182],[123.74999,13.14174],[123.74935,13.14158],[123.74922,13.14154],[123.74911,13.1415],[123.74909,13.1415],[123.74905,13.14148],[123.74893,13.14143],[123.74888,13.1414],[123.74864,13.14128],[123.74832,13.14112],[123.74814,13.14103],[123.74787,13.14089],[123.74748,13.1407],[123.74737,13.14065],[123.74693,13.14039],[123.74679,13.14032],[123.74672,13.14029],[123.74661,13.14022],[123.7464,13.1401],[123.74625,13.14001],[123.74621,13.13999],[123.74603,13.13988],[123.74534,13.1395],[123.74514,13.1394],[123.74496,13.13931],[123.7449,13.13927],[123.74483,13.13924],[123.74475,13.13922],[123.74466,13.13921],[123.74454,13.13919],[123.74402,13.13911],[123.74393,13.13909],[123.74378,13.13907],[123.74376,13.13906],[123.74364,13.13904],[123.74362,13.13903],[123.74344,13.139],[123.74333,13.13899],[123.74301,13.13894],[123.74231,13.13881],[123.74219,13.13879],[123.74161,13.1387],[123.74156,13.1387],[123.74143,13.13867],[123.7413,13.13866],[123.74119,13.13865],[123.74101,13.13864],[123.74079,13.13863],[123.74048,13.13861],[123.74025,13.1386],[123.73983,13.13858],[123.73971,13.13857],[123.73967,13.13857],[123.73932,13.13856],[123.73912,13.13855],[123.73874,13.13855],[123.73802,13.13854],[123.73778,13.13853],[123.73737,13.13852],[123.73709,13.13853],[123.7371,13.13884],[123.73714,13.13921],[123.73712,13.13926],[123.73707,13.13927],[123.73602,13.13924],[123.73533,13.13922],[123.73499,13.1392],[123.73495,13.13921],[123.73489,13.13922],[123.73479,13.13922],[123.73457,13.13922],[123.73429,13.13922],[123.73422,13.13922],[123.73415,13.13921],[123.7341,13.13918],[123.73405,13.13916],[123.73403,13.13912],[123.73401,13.13908],[123.734,13.139],[123.73399,13.13884],[123.73398,13.13865],[123.73394,13.1387],[123.73391,13.13873],[123.73387,13.13875],[123.7338,13.13877],[123.73373,13.13878],[123.73359,13.13878],[123.73321,13.13879],[123.73309,13.13879],[123.73297,13.1388],[123.73285,13.1388],[123.73279,13.13882],[123.73275,13.13883],[123.73269,13.13886],[123.73261,13.13891],[123.73239,13.13903],[123.73178,13.13931],[123.73159,13.13941],[123.73152,13.13945],[123.73137,13.13955],[123.73125,13.13963],[123.73123,13.13965],[123.73096,13.13983],[123.73072,13.14002],[123.73053,13.14016],[123.73036,13.1403],[123.73028,13.14038],[123.73013,13.14051],[123.73004,13.14062],[123.72992,13.14074],[123.72976,13.1409],[123.72938,13.14136],[123.72923,13.14154],[123.72919,13.14159],[123.72898,13.14184],[123.72886,13.14197],[123.72866,13.14216],[123.72862,13.1422],[123.72859,13.14222],[123.72854,13.14225],[123.72845,13.14231],[123.72821,13.14245],[123.72778,13.14269],[123.72727,13.14297],[123.72706,13.14311],[123.72679,13.14331],[123.72625,13.14373],[123.72596,13.14396],[123.72593,13.14399],[123.72556,13.14429],[123.72535,13.14446],[123.72529,13.14451],[123.72486,13.14489],[123.72461,13.14509],[123.7241,13.14548],[123.72381,13.14569],[123.72351,13.14592],[123.72345,13.14597],[123.72308,13.14627],[123.72305,13.1463],[123.72292,13.14641],[123.72279,13.14651],[123.72252,13.14672],[123.72231,13.14689],[123.72189,13.14718],[123.72167,13.14736],[123.72159,13.14742],[123.72136,13.1476],[123.72121,13.14771],[123.72115,13.14775],[123.72107,13.1478],[123.72102,13.14782],[123.72097,13.14784],[123.72089,13.14786],[123.72049,13.14795],[123.72009,13.14804],[123.72002,13.14806],[123.71941,13.14822],[123.71923,13.14827],[123.71873,13.14842],[123.71756,13.14875],[123.71728,13.14881],[123.71713,13.14885],[123.71691,13.14889],[123.71691,13.14905],[123.71678,13.14977],[123.71552,13.14948],[123.71501,13.14937],[123.71477,13.1493],[123.71418,13.14913],[123.71405,13.14909],[123.71398,13.14906],[123.71333,13.14886],[123.7133,13.14885],[123.71323,13.14883],[123.71297,13.14876],[123.71273,13.1487],[123.71251,13.14863],[123.71163,13.14835],[123.71181,13.14821],[123.71168,13.14806]]}},{"type":"Feature","properties":{"key":"daraga-rawis-b:outbound","routeId":"daraga-rawis-b","directionId":"outbound","label":"Daraga - Rawis \"B\" — From Daraga to Rawis","color":"#111111","waypointsUsed":8,"waypointsSkipped":["Gov. Forbes St."],"distanceMetres":11095,"generatedBy":"scripts/data/build-transport-geometry.js"},"geometry":{"type":"LineString","coordinates":[[123.71168,13.14806],[123.71181,13.14821],[123.71189,13.14815],[123.71196,13.1481],[123.712,13.14805],[123.71208,13.14805],[123.71213,13.14805],[123.71222,13.14804],[123.71227,13.14804],[123.71229,13.14805],[123.71243,13.1481],[123.71252,13.1481],[123.71268,13.14815],[123.71307,13.14829],[123.71345,13.14842],[123.71412,13.14864],[123.7142,13.14868],[123.7144,13.14876],[123.71508,13.14899],[123.71518,13.149],[123.71538,13.14899],[123.71599,13.14895],[123.71691,13.14889],[123.71713,13.14885],[123.71728,13.14881],[123.71756,13.14875],[123.71873,13.14842],[123.71923,13.14827],[123.71941,13.14822],[123.72002,13.14806],[123.72009,13.14804],[123.72049,13.14795],[123.72089,13.14786],[123.72097,13.14784],[123.72102,13.14782],[123.72107,13.1478],[123.72115,13.14775],[123.72121,13.14771],[123.72136,13.1476],[123.72159,13.14742],[123.72167,13.14736],[123.72189,13.14718],[123.72231,13.14689],[123.72252,13.14672],[123.72279,13.14651],[123.72292,13.14641],[123.72305,13.1463],[123.72308,13.14627],[123.72345,13.14597],[123.72351,13.14592],[123.72381,13.14569],[123.7241,13.14548],[123.72461,13.14509],[123.72486,13.14489],[123.72529,13.14451],[123.72535,13.14446],[123.72556,13.14429],[123.72593,13.14399],[123.72596,13.14396],[123.72625,13.14373],[123.72679,13.14331],[123.72706,13.14311],[123.72727,13.14297],[123.72778,13.14269],[123.72821,13.14245],[123.72845,13.14231],[123.72854,13.14225],[123.72859,13.14222],[123.72862,13.1422],[123.72866,13.14216],[123.72886,13.14197],[123.72898,13.14184],[123.72919,13.14159],[123.72923,13.14154],[123.72938,13.14136],[123.72976,13.1409],[123.72992,13.14074],[123.73004,13.14062],[123.73013,13.14051],[123.73028,13.14038],[123.73036,13.1403],[123.73053,13.14016],[123.73072,13.14002],[123.73096,13.13983],[123.73123,13.13965],[123.73125,13.13963],[123.73137,13.13955],[123.73152,13.13945],[123.73159,13.13941],[123.73178,13.13931],[123.73239,13.13903],[123.73261,13.13891],[123.73269,13.13886],[123.73275,13.13883],[123.73279,13.13882],[123.73285,13.1388],[123.73297,13.1388],[123.73309,13.13879],[123.73321,13.13879],[123.73359,13.13878],[123.73373,13.13878],[123.7338,13.13877],[123.73387,13.13875],[123.73391,13.13873],[123.73394,13.1387],[123.73398,13.13865],[123.73404,13.13858],[123.73409,13.13854],[123.73414,13.13851],[123.73421,13.13849],[123.73426,13.13848],[123.73434,13.13847],[123.73461,13.13848],[123.73485,13.13848],[123.73515,13.1385],[123.73534,13.1385],[123.7357,13.13851],[123.73599,13.13851],[123.73606,13.13852],[123.73613,13.13852],[123.73643,13.13852],[123.73664,13.13853],[123.73709,13.13853],[123.73737,13.13852],[123.73778,13.13853],[123.73802,13.13854],[123.73874,13.13855],[123.73912,13.13855],[123.73932,13.13856],[123.73967,13.13857],[123.73971,13.13857],[123.73983,13.13858],[123.74025,13.1386],[123.74048,13.13861],[123.74079,13.13863],[123.74101,13.13864],[123.74119,13.13865],[123.7413,13.13866],[123.74143,13.13867],[123.74156,13.1387],[123.74161,13.1387],[123.74219,13.13879],[123.74231,13.13881],[123.74301,13.13894],[123.74333,13.13899],[123.74344,13.139],[123.74362,13.13903],[123.74364,13.13904],[123.74376,13.13906],[123.74378,13.13907],[123.74393,13.13909],[123.74402,13.13911],[123.74454,13.13919],[123.74466,13.13921],[123.74475,13.13922],[123.74483,13.13924],[123.7449,13.13927],[123.74496,13.13931],[123.74514,13.1394],[123.74534,13.1395],[123.74603,13.13988],[123.74621,13.13999],[123.74625,13.14001],[123.7464,13.1401],[123.74661,13.14022],[123.74672,13.14029],[123.74679,13.14032],[123.74693,13.14039],[123.74737,13.14065],[123.74748,13.1407],[123.74787,13.14089],[123.74814,13.14103],[123.74832,13.14112],[123.74864,13.14128],[123.74888,13.1414],[123.74893,13.14143],[123.74905,13.14148],[123.74909,13.1415],[123.74911,13.1415],[123.74922,13.14154],[123.74935,13.14158],[123.74999,13.14174],[123.75029,13.14182],[123.75044,13.14187],[123.75052,13.14189],[123.75067,13.14193],[123.75077,13.14197],[123.7508,13.14198],[123.75083,13.142],[123.75089,13.14202],[123.75099,13.14207],[123.75117,13.14216],[123.75135,13.14226],[123.7515,13.14236],[123.75155,13.1424],[123.75175,13.14255],[123.75188,13.14266],[123.75198,13.14276],[123.75204,13.14282],[123.75213,13.14293],[123.75223,13.14305],[123.75239,13.1433],[123.75248,13.14344],[123.75254,13.14353],[123.75268,13.14374],[123.75276,13.14388],[123.75281,13.14398],[123.75296,13.14425],[123.75302,13.14438],[123.75304,13.14443],[123.75307,13.14454],[123.75316,13.14456],[123.75321,13.14459],[123.75326,13.14464],[123.7533,13.14468],[123.75341,13.14486],[123.75348,13.14502],[123.75355,13.14524],[123.75362,13.14548],[123.75363,13.1455],[123.75367,13.14569],[123.75368,13.1458],[123.75367,13.14588],[123.75367,13.14597],[123.75366,13.14602],[123.75364,13.14608],[123.75362,13.14612],[123.7536,13.14615],[123.75353,13.14634],[123.75345,13.14655],[123.75366,13.14658],[123.75377,13.14659],[123.75388,13.1466],[123.75409,13.14662],[123.75433,13.14664],[123.75448,13.14665],[123.7547,13.14665],[123.7548,13.14665],[123.75486,13.14665],[123.75494,13.14665],[123.7551,13.14664],[123.75522,13.14663],[123.75527,13.14663],[123.7553,13.14662],[123.75534,13.1466],[123.75536,13.14658],[123.7554,13.14656],[123.75567,13.14631],[123.75574,13.14624],[123.75583,13.14615],[123.75587,13.14611],[123.75589,13.14607],[123.7559,13.14605],[123.75592,13.14602],[123.75593,13.14599],[123.75595,13.14596],[123.75596,13.14591],[123.75607,13.14548],[123.75616,13.14505],[123.75619,13.14494],[123.75621,13.14488],[123.75628,13.14489],[123.75634,13.1449],[123.75631,13.14496],[123.75629,13.14502],[123.75627,13.14506],[123.75625,13.14517],[123.75623,13.14537],[123.75621,13.14546],[123.75619,13.14552],[123.75612,13.14574],[123.75606,13.14594],[123.75602,13.14606],[123.7559,13.14605],[123.75592,13.14602],[123.75593,13.14599],[123.75595,13.14596],[123.75596,13.14591],[123.75607,13.14548],[123.75616,13.14505],[123.75619,13.14494],[123.75621,13.14488],[123.75621,13.14486],[123.75628,13.14471],[123.75635,13.14456],[123.75649,13.1443],[123.75656,13.1442],[123.75662,13.14411],[123.75668,13.14404],[123.75676,13.14396],[123.75684,13.14389],[123.75696,13.14378],[123.75704,13.14371],[123.75735,13.14345],[123.75752,13.14333],[123.7577,13.14323],[123.7577,13.14323],[123.75781,13.14317],[123.75791,13.14312],[123.75801,13.14308],[123.75828,13.14299],[123.7584,13.14297],[123.75853,13.14293],[123.75863,13.14293],[123.75868,13.14294],[123.7587,13.14294],[123.75873,13.14295],[123.7588,13.14297],[123.7588,13.14305],[123.7588,13.14308],[123.75879,13.14312],[123.75879,13.14316],[123.75881,13.14318],[123.75882,13.1432],[123.75884,13.14321],[123.75887,13.14321],[123.75889,13.14322],[123.75891,13.14322],[123.75894,13.1432],[123.75896,13.14318],[123.75908,13.14309],[123.759,13.14305],[123.75892,13.14302],[123.75887,13.143],[123.7588,13.14297],[123.75873,13.14295],[123.7587,13.14294],[123.75868,13.14294],[123.75863,13.14293],[123.75853,13.14293],[123.7584,13.14297],[123.75828,13.14299],[123.75801,13.14308],[123.75791,13.14312],[123.75781,13.14317],[123.7577,13.14323],[123.75752,13.14333],[123.75735,13.14345],[123.75704,13.14371],[123.75696,13.14378],[123.75684,13.14389],[123.75676,13.14396],[123.75683,13.14405],[123.75686,13.1441],[123.75687,13.14413],[123.75687,13.14416],[123.75684,13.14419],[123.75679,13.14425],[123.75673,13.14431],[123.75671,13.14434],[123.75664,13.14443],[123.75655,13.14454],[123.75645,13.14469],[123.75634,13.1449],[123.75631,13.14496],[123.75627,13.14506],[123.75625,13.14517],[123.75623,13.14537],[123.75621,13.14546],[123.75619,13.14552],[123.75612,13.14574],[123.75606,13.14594],[123.75602,13.14606],[123.756,13.14612],[123.75598,13.14617],[123.75596,13.14623],[123.75593,13.14629],[123.75588,13.14638],[123.75576,13.14657],[123.75562,13.1468],[123.75551,13.14697],[123.75541,13.14715],[123.75531,13.14734],[123.75513,13.14772],[123.75497,13.14806],[123.75494,13.14812],[123.75491,13.14822],[123.75483,13.14856],[123.75475,13.149],[123.75463,13.14951],[123.75459,13.14968],[123.7545,13.1501],[123.7544,13.15048],[123.75408,13.1504],[123.75375,13.15034],[123.75371,13.15033],[123.75342,13.15026],[123.75301,13.15018],[123.75289,13.15066],[123.75269,13.15135],[123.75267,13.15143],[123.7526,13.15166],[123.75256,13.15181],[123.75247,13.15213],[123.75243,13.15229],[123.7523,13.15273],[123.7522,13.15306],[123.75214,13.15329],[123.75211,13.15336],[123.75207,13.15347],[123.752,13.15361],[123.75192,13.15375],[123.75186,13.15385],[123.7518,13.15393],[123.75162,13.15417],[123.75155,13.15426],[123.75153,13.15429],[123.75143,13.15442],[123.75139,13.15446],[123.75136,13.15451],[123.75134,13.15456],[123.75132,13.1546],[123.75131,13.15466],[123.75128,13.1549],[123.75127,13.1551],[123.75125,13.15531],[123.75122,13.15566],[123.75119,13.1561],[123.75119,13.15621],[123.75118,13.1564],[123.75117,13.15647],[123.75116,13.15677],[123.75113,13.15725],[123.75113,13.15751],[123.75113,13.15753],[123.75113,13.15767],[123.75113,13.15791],[123.75114,13.15827],[123.75114,13.1586],[123.75114,13.15864],[123.75115,13.15902],[123.75116,13.1592],[123.75116,13.15956],[123.75117,13.15973],[123.75119,13.16006],[123.75121,13.16062],[123.75123,13.16115],[123.75128,13.16239],[123.75129,13.16246],[123.7513,13.16275],[123.75131,13.16288],[123.75133,13.16333],[123.75134,13.16366],[123.75138,13.16447],[123.7514,13.16486],[123.75146,13.16624],[123.75147,13.16652],[123.75149,13.16701],[123.7515,13.16708],[123.75152,13.16764],[123.75155,13.16854],[123.75164,13.1698],[123.75165,13.17017],[123.75168,13.17062],[123.75169,13.17072],[123.7517,13.17084],[123.75172,13.17113],[123.75174,13.17141],[123.75175,13.17155],[123.75176,13.17169],[123.75177,13.1718],[123.75179,13.17206],[123.7518,13.17227],[123.75182,13.17244],[123.75184,13.17274],[123.75189,13.17321],[123.7519,13.17336],[123.75198,13.17419],[123.752,13.1744],[123.75206,13.17493],[123.75217,13.17576],[123.75222,13.17615],[123.75226,13.17643],[123.75228,13.17653],[123.75231,13.17674],[123.7524,13.1774],[123.75249,13.17786],[123.75258,13.17839],[123.75277,13.17979],[123.75279,13.17992],[123.75276,13.17993]]}},{"type":"Feature","properties":{"key":"daraga-rawis-b:inbound","routeId":"daraga-rawis-b","directionId":"inbound","label":"Daraga - Rawis \"B\" — From Rawis to Daraga","color":"#1a9e5c","waypointsUsed":14,"waypointsSkipped":["AH 26"],"distanceMetres":15272,"generatedBy":"scripts/data/build-transport-geometry.js"},"geometry":{"type":"LineString","coordinates":[[123.75276,13.17993],[123.75279,13.17992],[123.75277,13.17979],[123.75258,13.17839],[123.75249,13.17786],[123.7524,13.1774],[123.75231,13.17674],[123.75228,13.17653],[123.75226,13.17643],[123.75222,13.17615],[123.75217,13.17576],[123.75206,13.17493],[123.752,13.1744],[123.75198,13.17419],[123.7519,13.17336],[123.75189,13.17321],[123.75184,13.17274],[123.75182,13.17244],[123.7518,13.17227],[123.75179,13.17206],[123.75177,13.1718],[123.75176,13.17169],[123.75175,13.17155],[123.75174,13.17141],[123.75172,13.17113],[123.7517,13.17084],[123.75169,13.17072],[123.75168,13.17062],[123.75165,13.17017],[123.75164,13.1698],[123.75155,13.16854],[123.75152,13.16764],[123.7515,13.16708],[123.75149,13.16701],[123.75147,13.16652],[123.75146,13.16624],[123.7514,13.16486],[123.75138,13.16447],[123.75134,13.16366],[123.75133,13.16333],[123.75131,13.16288],[123.7513,13.16275],[123.75129,13.16246],[123.75128,13.16239],[123.75123,13.16115],[123.75121,13.16062],[123.75119,13.16006],[123.75117,13.15973],[123.75116,13.15956],[123.75116,13.1592],[123.75115,13.15902],[123.75114,13.15864],[123.75114,13.1586],[123.75114,13.15827],[123.75113,13.15791],[123.75113,13.15767],[123.75113,13.15753],[123.75113,13.15751],[123.75113,13.15725],[123.75116,13.15677],[123.75117,13.15647],[123.75118,13.1564],[123.75119,13.15621],[123.75119,13.1561],[123.75122,13.15566],[123.75125,13.15531],[123.75142,13.15532],[123.75197,13.1554],[123.7521,13.15541],[123.75239,13.15544],[123.75245,13.15545],[123.75271,13.15547],[123.75294,13.15549],[123.75316,13.15551],[123.7536,13.15555],[123.7538,13.15557],[123.75387,13.15557],[123.75419,13.15558],[123.75419,13.15541],[123.7542,13.15509],[123.7542,13.15497],[123.75423,13.15401],[123.75423,13.15362],[123.75425,13.15288],[123.75427,13.15216],[123.75428,13.15165],[123.75429,13.15136],[123.75431,13.15114],[123.75434,13.15088],[123.75437,13.15066],[123.7544,13.15048],[123.75408,13.1504],[123.75375,13.15034],[123.75371,13.15033],[123.75342,13.15026],[123.75301,13.15018],[123.75264,13.1501],[123.75201,13.14996],[123.75205,13.15019],[123.75207,13.15029],[123.75209,13.15038],[123.75217,13.15063],[123.7522,13.15077],[123.75222,13.15091],[123.75222,13.15094],[123.75225,13.15099],[123.75227,13.15112],[123.75225,13.15099],[123.75222,13.15094],[123.75222,13.15091],[123.7522,13.15077],[123.75217,13.15063],[123.75212,13.15046],[123.75209,13.15038],[123.75207,13.15029],[123.75205,13.15019],[123.75201,13.14996],[123.75199,13.14989],[123.75176,13.14891],[123.75171,13.14876],[123.75169,13.14866],[123.75171,13.14857],[123.75175,13.14849],[123.75206,13.14809],[123.7527,13.14734],[123.75276,13.14728],[123.75276,13.14727],[123.75276,13.14725],[123.75276,13.14724],[123.75276,13.14723],[123.75277,13.14722],[123.75278,13.14721],[123.7528,13.1472],[123.75282,13.1472],[123.75284,13.1472],[123.75286,13.14721],[123.75288,13.14722],[123.75289,13.14724],[123.7529,13.14726],[123.7529,13.14729],[123.75289,13.14731],[123.75288,13.14732],[123.75286,13.14733],[123.75284,13.14734],[123.75282,13.14734],[123.75276,13.14739],[123.75237,13.14791],[123.75216,13.14816],[123.75211,13.14813],[123.75206,13.14809],[123.75154,13.14767],[123.75123,13.14742],[123.7511,13.1473],[123.75096,13.14716],[123.75093,13.14711],[123.75091,13.14705],[123.75083,13.14678],[123.75078,13.14656],[123.75075,13.14631],[123.75075,13.14619],[123.75076,13.14609],[123.75079,13.14603],[123.75094,13.14579],[123.75098,13.14573],[123.75114,13.1455],[123.75126,13.14529],[123.75139,13.14533],[123.75151,13.14535],[123.75166,13.14537],[123.75179,13.14537],[123.75195,13.14535],[123.75207,13.14532],[123.75218,13.14528],[123.7523,13.14523],[123.75236,13.14517],[123.75242,13.14506],[123.75243,13.14503],[123.75246,13.14495],[123.75246,13.14488],[123.75247,13.14483],[123.75247,13.14462],[123.75307,13.14454],[123.75316,13.14456],[123.75321,13.14459],[123.75326,13.14464],[123.7533,13.14468],[123.75341,13.14486],[123.75348,13.14502],[123.75355,13.14524],[123.75363,13.1455],[123.75367,13.14569],[123.75368,13.1458],[123.75367,13.14588],[123.75367,13.14597],[123.75366,13.14602],[123.75364,13.14608],[123.75362,13.14612],[123.7536,13.14615],[123.75353,13.14634],[123.75345,13.14655],[123.75332,13.14675],[123.7529,13.1472],[123.75288,13.14722],[123.75289,13.14724],[123.7529,13.14726],[123.7529,13.14729],[123.75289,13.14731],[123.75288,13.14732],[123.75286,13.14733],[123.75284,13.14734],[123.75282,13.14734],[123.7528,13.14733],[123.75278,13.14732],[123.75276,13.1473],[123.75276,13.14728],[123.75276,13.14727],[123.75276,13.14725],[123.75276,13.14724],[123.75276,13.14723],[123.75277,13.14722],[123.75278,13.14721],[123.75275,13.14718],[123.75271,13.14712],[123.75265,13.14705],[123.75257,13.14696],[123.75252,13.14686],[123.75249,13.14681],[123.75247,13.14669],[123.75232,13.14665],[123.75224,13.14663],[123.75179,13.14646],[123.75169,13.14642],[123.75163,13.14639],[123.75154,13.14636],[123.7514,13.14632],[123.75124,13.14628],[123.75102,13.14625],[123.75098,13.14624],[123.75075,13.14619],[123.75056,13.14617],[123.75036,13.14615],[123.75027,13.14613],[123.75003,13.14609],[123.74989,13.14607],[123.74968,13.1461],[123.74965,13.14611],[123.74957,13.14615],[123.7495,13.14621],[123.74946,13.14625],[123.74933,13.14637],[123.74922,13.14648],[123.74916,13.14653],[123.74908,13.14657],[123.74901,13.1466],[123.74896,13.14662],[123.74894,13.14663],[123.74862,13.14669],[123.74869,13.14699],[123.74871,13.14712],[123.74873,13.14736],[123.74873,13.1475],[123.74872,13.14762],[123.74872,13.14764],[123.74871,13.14766],[123.7487,13.14767],[123.74868,13.14768],[123.74866,13.14768],[123.74856,13.14768],[123.7484,13.14767],[123.74823,13.14766],[123.7481,13.14764],[123.74804,13.14762],[123.74802,13.14761],[123.74799,13.14759],[123.74797,13.14757],[123.74795,13.14757],[123.74791,13.14756],[123.74781,13.14756],[123.74776,13.14755],[123.74774,13.1476],[123.74772,13.14768],[123.7477,13.14781],[123.74765,13.14809],[123.74764,13.14815],[123.74761,13.14828],[123.74756,13.14857],[123.74754,13.14869],[123.74752,13.14882],[123.74748,13.14909],[123.74743,13.14946],[123.74742,13.14951],[123.74739,13.14972],[123.74733,13.15005],[123.74731,13.15017],[123.74728,13.15034],[123.74722,13.1507],[123.74686,13.15071],[123.7464,13.15073],[123.74605,13.15075],[123.74572,13.15075],[123.7454,13.15076],[123.74539,13.15076],[123.74508,13.15077],[123.74499,13.15077],[123.74476,13.15078],[123.74464,13.15078],[123.74434,13.15078],[123.74408,13.1508],[123.74402,13.1508],[123.74389,13.15082],[123.74351,13.15087],[123.74305,13.15096],[123.74307,13.15133],[123.74307,13.15159],[123.74307,13.15182],[123.74306,13.15192],[123.74306,13.15202],[123.74307,13.15211],[123.74307,13.15219],[123.74307,13.15229],[123.74308,13.15242],[123.74309,13.15255],[123.7431,13.15269],[123.74311,13.1528],[123.7431,13.15361],[123.7431,13.15379],[123.74311,13.15395],[123.74311,13.15415],[123.7431,13.15446],[123.7431,13.1546],[123.7431,13.15495],[123.7431,13.15499],[123.74311,13.15529],[123.74221,13.15528],[123.7429,13.15529],[123.74311,13.15529],[123.74312,13.15534],[123.74312,13.15542],[123.74315,13.1559],[123.74302,13.15589],[123.74288,13.15589],[123.74208,13.15593],[123.74164,13.15593],[123.74154,13.15592],[123.74113,13.15593],[123.74102,13.15593],[123.74055,13.15592],[123.74044,13.15592],[123.74031,13.15592],[123.73988,13.15593],[123.73982,13.15593],[123.73928,13.15594],[123.7387,13.15595],[123.73861,13.15595],[123.7383,13.15595],[123.7382,13.15596],[123.73789,13.15595],[123.73783,13.15594],[123.73742,13.15594],[123.73697,13.15595],[123.7369,13.15594],[123.73638,13.15595],[123.73593,13.15596],[123.73568,13.15596],[123.73559,13.15596],[123.73533,13.15596],[123.73526,13.15595],[123.73488,13.15598],[123.73457,13.15598],[123.73451,13.15598],[123.73446,13.15596],[123.73442,13.15593],[123.7344,13.15589],[123.73439,13.15585],[123.73439,13.1558],[123.73442,13.1555],[123.73443,13.1553],[123.73443,13.15513],[123.73443,13.15484],[123.73444,13.15447],[123.73444,13.15431],[123.73444,13.15421],[123.73444,13.15395],[123.73444,13.15369],[123.73444,13.15363],[123.73444,13.15344],[123.73444,13.15333],[123.73445,13.15281],[123.73445,13.15275],[123.73445,13.15272],[123.73445,13.15245],[123.73445,13.15231],[123.73445,13.15219],[123.73446,13.1519],[123.73446,13.15182],[123.73445,13.15157],[123.73445,13.15132],[123.73445,13.1513],[123.73446,13.15064],[123.73447,13.15046],[123.73447,13.15025],[123.73449,13.14964],[123.73449,13.14944],[123.73449,13.14918],[123.7345,13.14868],[123.7345,13.14808],[123.7345,13.148],[123.73449,13.14764],[123.73449,13.14757],[123.7345,13.1472],[123.73452,13.14672],[123.73454,13.14621],[123.73455,13.14596],[123.73455,13.14586],[123.73455,13.14566],[123.73455,13.14522],[123.73455,13.14514],[123.73455,13.14498],[123.73454,13.14449],[123.73454,13.14447],[123.73454,13.14443],[123.73454,13.14433],[123.73453,13.14409],[123.73454,13.1436],[123.73454,13.14336],[123.73454,13.14329],[123.73454,13.14317],[123.73455,13.14255],[123.73455,13.14245],[123.73455,13.14234],[123.73456,13.14187],[123.73456,13.1417],[123.73456,13.14164],[123.73456,13.14141],[123.73456,13.14133],[123.73456,13.14125],[123.73456,13.14089],[123.73457,13.14048],[123.73457,13.14026],[123.73457,13.14008],[123.73457,13.13986],[123.73406,13.13989],[123.73405,13.13952],[123.73404,13.13923],[123.73405,13.13916],[123.73403,13.13912],[123.73401,13.13908],[123.734,13.139],[123.73399,13.13884],[123.73398,13.13865],[123.73394,13.1387],[123.73391,13.13873],[123.73387,13.13875],[123.7338,13.13877],[123.73373,13.13878],[123.73359,13.13878],[123.73342,13.13879],[123.73321,13.13879],[123.73321,13.13922],[123.73322,13.13994],[123.73406,13.13989],[123.73457,13.13986],[123.73457,13.14008],[123.73457,13.14026],[123.73457,13.14048],[123.73456,13.14089],[123.73456,13.14125],[123.73456,13.14133],[123.73456,13.14141],[123.73456,13.14164],[123.73456,13.1417],[123.73456,13.14187],[123.73455,13.14234],[123.73455,13.14245],[123.73455,13.14255],[123.73454,13.14317],[123.73454,13.14329],[123.73454,13.14336],[123.73454,13.1436],[123.73453,13.14409],[123.73454,13.14433],[123.73454,13.14443],[123.73454,13.14447],[123.73454,13.14449],[123.73455,13.14498],[123.73421,13.14496],[123.73414,13.14497],[123.7341,13.14498],[123.73373,13.14523],[123.73349,13.14536],[123.73349,13.14538],[123.7335,13.14541],[123.73357,13.14553],[123.73418,13.14525],[123.73423,13.14523],[123.73442,13.14523],[123.73455,13.14522],[123.73455,13.14514],[123.73455,13.14498],[123.73454,13.14449],[123.73454,13.14447],[123.73454,13.14443],[123.73411,13.14459],[123.73376,13.14473],[123.73368,13.14477],[123.73354,13.14487],[123.7333,13.14502],[123.73317,13.14511],[123.73312,13.14517],[123.73292,13.14536],[123.73278,13.1455],[123.73222,13.14622],[123.73175,13.14679],[123.73174,13.14681],[123.7317,13.14685],[123.73168,13.14687],[123.73161,13.14696],[123.73159,13.14698],[123.73157,13.14698],[123.73154,13.14696],[123.73125,13.1467],[123.731,13.14648],[123.73049,13.14606],[123.73047,13.14605],[123.73017,13.14579],[123.73009,13.14572],[123.73007,13.1457],[123.72991,13.14556],[123.72952,13.14522],[123.72926,13.14499],[123.729,13.14477],[123.72892,13.1447],[123.72874,13.14454],[123.72872,13.14453],[123.72812,13.14402],[123.72763,13.1436],[123.72706,13.14311],[123.72679,13.14331],[123.72625,13.14373],[123.72596,13.14396],[123.72593,13.14399],[123.72556,13.14429],[123.72535,13.14446],[123.72529,13.14451],[123.72486,13.14489],[123.72461,13.14509],[123.7241,13.14548],[123.72381,13.14569],[123.72351,13.14592],[123.72345,13.14597],[123.72308,13.14627],[123.72305,13.1463],[123.72292,13.14641],[123.72279,13.14651],[123.72252,13.14672],[123.72231,13.14689],[123.72189,13.14718],[123.72167,13.14736],[123.72159,13.14742],[123.72136,13.1476],[123.72121,13.14771],[123.72115,13.14775],[123.72107,13.1478],[123.72102,13.14782],[123.72097,13.14784],[123.72089,13.14786],[123.72049,13.14795],[123.72009,13.14804],[123.72002,13.14806],[123.71941,13.14822],[123.71923,13.14827],[123.71873,13.14842],[123.71756,13.14875],[123.71728,13.14881],[123.71713,13.14885],[123.71691,13.14889],[123.71691,13.14905],[123.71678,13.14977],[123.71552,13.14948],[123.71501,13.14937],[123.71477,13.1493],[123.71418,13.14913],[123.71405,13.14909],[123.71398,13.14906],[123.71333,13.14886],[123.7133,13.14885],[123.71323,13.14883],[123.71297,13.14876],[123.71273,13.1487],[123.71251,13.14863],[123.71163,13.14835],[123.71181,13.14821],[123.71168,13.14806]]}},{"type":"Feature","properties":{"key":"daraga-legazpi-ltfrb:loop","routeId":"daraga-legazpi-ltfrb","directionId":"loop","label":"Daraga - Legazpi City — From Daraga","color":"#111111","waypointsUsed":14,"waypointsSkipped":["AH 26"],"distanceMetres":22528,"generatedBy":"scripts/data/build-transport-geometry.js"},"geometry":{"type":"LineString","coordinates":[[123.71168,13.14806],[123.71181,13.14821],[123.71189,13.14815],[123.71196,13.1481],[123.712,13.14805],[123.71208,13.14805],[123.71213,13.14805],[123.71222,13.14804],[123.71227,13.14804],[123.71229,13.14805],[123.71243,13.1481],[123.71252,13.1481],[123.71268,13.14815],[123.71307,13.14829],[123.71345,13.14842],[123.71412,13.14864],[123.7142,13.14868],[123.7144,13.14876],[123.71508,13.14899],[123.71518,13.149],[123.71538,13.14899],[123.71599,13.14895],[123.71691,13.14889],[123.71713,13.14885],[123.71728,13.14881],[123.71756,13.14875],[123.71873,13.14842],[123.71923,13.14827],[123.71941,13.14822],[123.72002,13.14806],[123.72009,13.14804],[123.72049,13.14795],[123.72089,13.14786],[123.72097,13.14784],[123.72102,13.14782],[123.72107,13.1478],[123.72115,13.14775],[123.72121,13.14771],[123.72136,13.1476],[123.72159,13.14742],[123.72167,13.14736],[123.72189,13.14718],[123.72231,13.14689],[123.72252,13.14672],[123.72279,13.14651],[123.72292,13.14641],[123.72305,13.1463],[123.72308,13.14627],[123.72345,13.14597],[123.72351,13.14592],[123.72381,13.14569],[123.7241,13.14548],[123.72461,13.14509],[123.72486,13.14489],[123.72529,13.14451],[123.72535,13.14446],[123.72556,13.14429],[123.72593,13.14399],[123.72596,13.14396],[123.72625,13.14373],[123.72679,13.14331],[123.72706,13.14311],[123.72727,13.14297],[123.72778,13.14269],[123.72821,13.14245],[123.72845,13.14231],[123.72854,13.14225],[123.72859,13.14222],[123.72862,13.1422],[123.72866,13.14216],[123.72886,13.14197],[123.72898,13.14184],[123.72919,13.14159],[123.72923,13.14154],[123.72938,13.14136],[123.72976,13.1409],[123.72992,13.14074],[123.73004,13.14062],[123.73013,13.14051],[123.73028,13.14038],[123.73036,13.1403],[123.73053,13.14016],[123.73072,13.14002],[123.73096,13.13983],[123.73123,13.13965],[123.73125,13.13963],[123.73137,13.13955],[123.73152,13.13945],[123.73159,13.13941],[123.73178,13.13931],[123.73239,13.13903],[123.73261,13.13891],[123.73269,13.13886],[123.73275,13.13883],[123.73279,13.13882],[123.73285,13.1388],[123.73297,13.1388],[123.73309,13.13879],[123.73321,13.13879],[123.73359,13.13878],[123.73373,13.13878],[123.7338,13.13877],[123.73387,13.13875],[123.73391,13.13873],[123.73394,13.1387],[123.73398,13.13865],[123.73404,13.13858],[123.73409,13.13854],[123.73414,13.13851],[123.73421,13.13849],[123.73426,13.13848],[123.73434,13.13847],[123.73461,13.13848],[123.73485,13.13848],[123.73515,13.1385],[123.73534,13.1385],[123.7357,13.13851],[123.73599,13.13851],[123.73606,13.13852],[123.73613,13.13852],[123.73643,13.13852],[123.73664,13.13853],[123.73709,13.13853],[123.73737,13.13852],[123.73778,13.13853],[123.73802,13.13854],[123.73874,13.13855],[123.73912,13.13855],[123.73932,13.13856],[123.73967,13.13857],[123.73971,13.13857],[123.73983,13.13858],[123.74025,13.1386],[123.74048,13.13861],[123.74079,13.13863],[123.74101,13.13864],[123.74119,13.13865],[123.7413,13.13866],[123.74143,13.13867],[123.74156,13.1387],[123.74161,13.1387],[123.74219,13.13879],[123.74231,13.13881],[123.74301,13.13894],[123.74333,13.13899],[123.74344,13.139],[123.74362,13.13903],[123.74364,13.13904],[123.74376,13.13906],[123.74378,13.13907],[123.74393,13.13909],[123.74402,13.13911],[123.74454,13.13919],[123.74466,13.13921],[123.74475,13.13922],[123.74483,13.13924],[123.7449,13.13927],[123.74496,13.13931],[123.74514,13.1394],[123.74534,13.1395],[123.74603,13.13988],[123.74621,13.13999],[123.74625,13.14001],[123.7464,13.1401],[123.74661,13.14022],[123.74672,13.14029],[123.74679,13.14032],[123.74693,13.14039],[123.74737,13.14065],[123.74748,13.1407],[123.74787,13.14089],[123.74814,13.14103],[123.74832,13.14112],[123.74864,13.14128],[123.74888,13.1414],[123.74893,13.14143],[123.74905,13.14148],[123.74909,13.1415],[123.74911,13.1415],[123.74922,13.14154],[123.74935,13.14158],[123.74999,13.14174],[123.75029,13.14182],[123.75044,13.14187],[123.75052,13.14189],[123.75067,13.14193],[123.75077,13.14197],[123.7508,13.14198],[123.75083,13.142],[123.75089,13.14202],[123.75099,13.14207],[123.75117,13.14216],[123.75135,13.14226],[123.7515,13.14236],[123.75155,13.1424],[123.75175,13.14255],[123.75188,13.14266],[123.75198,13.14276],[123.75204,13.14282],[123.75213,13.14293],[123.75223,13.14305],[123.75239,13.1433],[123.75248,13.14344],[123.75254,13.14353],[123.75268,13.14374],[123.75276,13.14388],[123.75281,13.14398],[123.75296,13.14425],[123.75302,13.14438],[123.75304,13.14443],[123.75307,13.14454],[123.75316,13.14456],[123.75321,13.14459],[123.75326,13.14464],[123.7533,13.14468],[123.75341,13.14486],[123.75348,13.14502],[123.75355,13.14524],[123.75362,13.14548],[123.75363,13.1455],[123.75367,13.14569],[123.75368,13.1458],[123.75367,13.14588],[123.75367,13.14597],[123.75366,13.14602],[123.75364,13.14608],[123.75362,13.14612],[123.7536,13.14615],[123.75353,13.14634],[123.75345,13.14655],[123.75366,13.14658],[123.75377,13.14659],[123.75388,13.1466],[123.75409,13.14662],[123.75399,13.14694],[123.75389,13.14723],[123.75388,13.14726],[123.75379,13.14751],[123.75373,13.1477],[123.7537,13.14783],[123.75348,13.14856],[123.75384,13.14867],[123.75419,13.1488],[123.75475,13.149],[123.75463,13.14951],[123.75459,13.14968],[123.7545,13.1501],[123.7544,13.15048],[123.75408,13.1504],[123.75375,13.15034],[123.75371,13.15033],[123.75342,13.15026],[123.75301,13.15018],[123.75264,13.1501],[123.75292,13.14896],[123.753,13.14866],[123.75329,13.14763],[123.75325,13.1476],[123.75307,13.14748],[123.75294,13.14736],[123.75289,13.14731],[123.75288,13.14732],[123.75286,13.14733],[123.75284,13.14734],[123.75282,13.14734],[123.7528,13.14733],[123.75278,13.14732],[123.75276,13.1473],[123.75276,13.14728],[123.75276,13.14727],[123.75276,13.14725],[123.75276,13.14724],[123.75276,13.14723],[123.75277,13.14722],[123.75278,13.14721],[123.75275,13.14718],[123.75271,13.14712],[123.75265,13.14705],[123.75257,13.14696],[123.75254,13.14691],[123.75252,13.14686],[123.75249,13.14681],[123.75247,13.14669],[123.75232,13.14665],[123.75224,13.14663],[123.75179,13.14646],[123.75169,13.14642],[123.75154,13.14636],[123.7514,13.14632],[123.75124,13.14628],[123.75102,13.14625],[123.75098,13.14624],[123.75075,13.14619],[123.75075,13.14631],[123.75078,13.14656],[123.75083,13.14678],[123.75091,13.14705],[123.75093,13.14711],[123.75096,13.14716],[123.7511,13.1473],[123.75123,13.14742],[123.75154,13.14767],[123.75206,13.14809],[123.75216,13.14816],[123.75184,13.14855],[123.75173,13.14868],[123.7525,13.14886],[123.75292,13.14896],[123.75335,13.14904],[123.75301,13.15018],[123.75289,13.15066],[123.75269,13.15135],[123.75267,13.15143],[123.7526,13.15166],[123.75256,13.15181],[123.75247,13.15213],[123.75243,13.15229],[123.7523,13.15273],[123.7522,13.15306],[123.75214,13.15329],[123.75211,13.15336],[123.75207,13.15347],[123.752,13.15361],[123.75192,13.15375],[123.75186,13.15385],[123.7518,13.15393],[123.75162,13.15417],[123.75155,13.15426],[123.75153,13.15429],[123.75143,13.15442],[123.75139,13.15446],[123.75136,13.15451],[123.75134,13.15456],[123.75132,13.1546],[123.75131,13.15466],[123.75128,13.1549],[123.75127,13.1551],[123.75125,13.15531],[123.75122,13.15566],[123.75119,13.1561],[123.75119,13.15621],[123.75118,13.1564],[123.75117,13.15647],[123.75116,13.15677],[123.75113,13.15725],[123.75113,13.15751],[123.75113,13.15753],[123.75113,13.15767],[123.75113,13.15791],[123.75114,13.15827],[123.75114,13.1586],[123.75114,13.15864],[123.75115,13.15902],[123.75116,13.1592],[123.75116,13.15956],[123.75117,13.15973],[123.75119,13.16006],[123.75121,13.16062],[123.75123,13.16115],[123.75128,13.16239],[123.75129,13.16246],[123.7513,13.16275],[123.75131,13.16288],[123.75133,13.16333],[123.75134,13.16366],[123.75138,13.16447],[123.7514,13.16486],[123.75146,13.16624],[123.75147,13.16652],[123.75149,13.16701],[123.7515,13.16708],[123.75152,13.16764],[123.75155,13.16854],[123.75164,13.1698],[123.75165,13.17017],[123.75168,13.17062],[123.75169,13.17072],[123.7517,13.17084],[123.75172,13.17113],[123.75174,13.17141],[123.75175,13.17155],[123.75176,13.17169],[123.75177,13.1718],[123.75179,13.17206],[123.7518,13.17227],[123.75182,13.17244],[123.75184,13.17274],[123.75189,13.17321],[123.7519,13.17336],[123.75198,13.17419],[123.752,13.1744],[123.75206,13.17493],[123.75217,13.17576],[123.75222,13.17615],[123.75226,13.17643],[123.75228,13.17653],[123.75231,13.17674],[123.7524,13.1774],[123.75249,13.17786],[123.75258,13.17839],[123.75277,13.17979],[123.75279,13.17992],[123.75259,13.17995],[123.75276,13.17993],[123.75279,13.17992],[123.75277,13.17979],[123.75258,13.17839],[123.75249,13.17786],[123.7524,13.1774],[123.75231,13.17674],[123.75228,13.17653],[123.75226,13.17643],[123.75222,13.17615],[123.75217,13.17576],[123.75206,13.17493],[123.752,13.1744],[123.75198,13.17419],[123.7519,13.17336],[123.75189,13.17321],[123.75184,13.17274],[123.75182,13.17244],[123.7518,13.17227],[123.75179,13.17206],[123.75177,13.1718],[123.75176,13.17169],[123.75175,13.17155],[123.75174,13.17141],[123.75172,13.17113],[123.7517,13.17084],[123.75169,13.17072],[123.75168,13.17062],[123.75165,13.17017],[123.75164,13.1698],[123.75155,13.16854],[123.75152,13.16764],[123.7515,13.16708],[123.75149,13.16701],[123.75147,13.16652],[123.75146,13.16624],[123.7514,13.16486],[123.75138,13.16447],[123.75134,13.16366],[123.75133,13.16333],[123.75131,13.16288],[123.7513,13.16275],[123.75129,13.16246],[123.75128,13.16239],[123.75123,13.16115],[123.75121,13.16062],[123.75119,13.16006],[123.75117,13.15973],[123.75116,13.15956],[123.75116,13.1592],[123.75115,13.15902],[123.75114,13.15864],[123.75114,13.1586],[123.75114,13.15827],[123.75113,13.15791],[123.75113,13.15767],[123.75113,13.15753],[123.75113,13.15751],[123.75113,13.15725],[123.75116,13.15677],[123.75117,13.15647],[123.75118,13.1564],[123.75119,13.15621],[123.75119,13.1561],[123.75122,13.15566],[123.75125,13.15531],[123.75127,13.1551],[123.75128,13.1549],[123.75131,13.15466],[123.75132,13.1546],[123.75134,13.15456],[123.75136,13.15451],[123.75139,13.15446],[123.75143,13.15442],[123.75153,13.15429],[123.75155,13.15426],[123.75162,13.15417],[123.7518,13.15393],[123.75186,13.15385],[123.75192,13.15375],[123.752,13.15361],[123.75207,13.15347],[123.75211,13.15336],[123.75214,13.15329],[123.7522,13.15306],[123.7523,13.15273],[123.75243,13.15229],[123.75247,13.15213],[123.75256,13.15181],[123.7526,13.15166],[123.75267,13.15143],[123.75269,13.15135],[123.75289,13.15066],[123.75301,13.15018],[123.75264,13.1501],[123.75292,13.14896],[123.753,13.14866],[123.75329,13.14763],[123.75325,13.1476],[123.75307,13.14748],[123.75294,13.14736],[123.75289,13.14731],[123.75288,13.14732],[123.75286,13.14733],[123.75284,13.14734],[123.75282,13.14734],[123.7528,13.14733],[123.75278,13.14732],[123.75276,13.1473],[123.75276,13.14728],[123.75276,13.14727],[123.75276,13.14725],[123.75276,13.14724],[123.75276,13.14723],[123.75277,13.14722],[123.75278,13.14721],[123.75275,13.14718],[123.75271,13.14712],[123.75265,13.14705],[123.75257,13.14696],[123.75252,13.14686],[123.75249,13.14681],[123.75247,13.14669],[123.75247,13.14655],[123.75248,13.14646],[123.75251,13.14637],[123.75255,13.14623],[123.75259,13.14612],[123.75266,13.14592],[123.75274,13.14569],[123.75284,13.14541],[123.75292,13.14516],[123.75293,13.14513],[123.75297,13.14503],[123.75301,13.14492],[123.75304,13.14482],[123.75306,13.14471],[123.75306,13.14468],[123.75306,13.14464],[123.75307,13.14454],[123.75304,13.14443],[123.75302,13.14438],[123.75296,13.14425],[123.75281,13.14398],[123.75276,13.14388],[123.75268,13.14374],[123.75254,13.14353],[123.75248,13.14344],[123.75239,13.1433],[123.75223,13.14305],[123.75213,13.14293],[123.75204,13.14282],[123.75198,13.14276],[123.75188,13.14266],[123.75175,13.14255],[123.75155,13.1424],[123.7515,13.14236],[123.75135,13.14226],[123.75117,13.14216],[123.75099,13.14207],[123.75089,13.14202],[123.75083,13.142],[123.7508,13.14198],[123.75077,13.14197],[123.75067,13.14193],[123.75052,13.14189],[123.75044,13.14187],[123.75029,13.14182],[123.74999,13.14174],[123.74935,13.14158],[123.74922,13.14154],[123.74911,13.1415],[123.74909,13.1415],[123.74905,13.14148],[123.74893,13.14143],[123.74888,13.1414],[123.74864,13.14128],[123.74832,13.14112],[123.74813,13.1415],[123.74796,13.14185],[123.7477,13.14239],[123.74761,13.14264],[123.74756,13.14278],[123.74752,13.14288],[123.74759,13.14289],[123.74772,13.14291],[123.74787,13.14296],[123.74822,13.14307],[123.7483,13.1431],[123.74839,13.14316],[123.7486,13.1433],[123.74862,13.1433],[123.74864,13.14329],[123.74867,13.14323],[123.74879,13.1429],[123.74865,13.14285],[123.74841,13.14275],[123.74828,13.14267],[123.74824,13.14264],[123.74822,13.14259],[123.7482,13.14254],[123.74819,13.14247],[123.7482,13.14241],[123.74821,13.14239],[123.74826,13.14224],[123.74846,13.14172],[123.74846,13.14172],[123.74845,13.1417],[123.74844,13.14168],[123.74813,13.1415],[123.74832,13.14112],[123.74814,13.14103],[123.74787,13.14089],[123.74748,13.1407],[123.74737,13.14065],[123.74693,13.14039],[123.74679,13.14032],[123.74672,13.14029],[123.74661,13.14022],[123.7464,13.1401],[123.74625,13.14001],[123.74621,13.13999],[123.74603,13.13988],[123.74534,13.1395],[123.74514,13.1394],[123.74496,13.13931],[123.7449,13.13927],[123.74483,13.13924],[123.74475,13.13922],[123.74466,13.13921],[123.74454,13.13919],[123.74402,13.13911],[123.74393,13.13909],[123.74378,13.13907],[123.74376,13.13906],[123.74364,13.13904],[123.74362,13.13903],[123.74344,13.139],[123.74333,13.13899],[123.74301,13.13894],[123.74231,13.13881],[123.74219,13.13879],[123.74161,13.1387],[123.74156,13.1387],[123.74143,13.13867],[123.7413,13.13866],[123.74119,13.13865],[123.74101,13.13864],[123.74079,13.13863],[123.74048,13.13861],[123.74025,13.1386],[123.73983,13.13858],[123.73971,13.13857],[123.73967,13.13857],[123.73932,13.13856],[123.73912,13.13855],[123.73874,13.13855],[123.73802,13.13854],[123.73778,13.13853],[123.73737,13.13852],[123.73709,13.13853],[123.7371,13.13884],[123.73714,13.13921],[123.73712,13.13926],[123.73707,13.13927],[123.73602,13.13924],[123.73533,13.13922],[123.73499,13.1392],[123.73495,13.13921],[123.73489,13.13922],[123.73479,13.13922],[123.73457,13.13922],[123.73458,13.13965],[123.73457,13.13986],[123.73406,13.13989],[123.73405,13.13952],[123.73404,13.13923],[123.73405,13.13916],[123.73403,13.13912],[123.73401,13.13908],[123.734,13.139],[123.73399,13.13884],[123.73398,13.13865],[123.73394,13.1387],[123.73391,13.13873],[123.73387,13.13875],[123.7338,13.13877],[123.73373,13.13878],[123.73359,13.13878],[123.73342,13.13879],[123.73321,13.13879],[123.73321,13.13922],[123.73322,13.13994],[123.73406,13.13989],[123.73457,13.13986],[123.73457,13.14008],[123.73457,13.14026],[123.73457,13.14048],[123.73456,13.14089],[123.73456,13.14125],[123.73456,13.14133],[123.73456,13.14141],[123.73456,13.14164],[123.73456,13.1417],[123.73456,13.14187],[123.73455,13.14234],[123.73455,13.14245],[123.73455,13.14255],[123.73454,13.14317],[123.73454,13.14329],[123.73454,13.14336],[123.73454,13.1436],[123.73453,13.14409],[123.73454,13.14433],[123.73454,13.14443],[123.73454,13.14447],[123.73454,13.14449],[123.73455,13.14498],[123.73421,13.14496],[123.73414,13.14497],[123.7341,13.14498],[123.73373,13.14523],[123.73349,13.14536],[123.73349,13.14538],[123.7335,13.14541],[123.73357,13.14553],[123.73418,13.14525],[123.73423,13.14523],[123.73442,13.14523],[123.73455,13.14522],[123.73455,13.14514],[123.73455,13.14498],[123.73454,13.14449],[123.73454,13.14447],[123.73454,13.14443],[123.73411,13.14459],[123.73376,13.14473],[123.73368,13.14477],[123.73354,13.14487],[123.7333,13.14502],[123.73317,13.14511],[123.73312,13.14517],[123.73292,13.14536],[123.73278,13.1455],[123.73222,13.14622],[123.73175,13.14679],[123.73174,13.14681],[123.7317,13.14685],[123.73168,13.14687],[123.73161,13.14696],[123.73159,13.14698],[123.73157,13.14698],[123.73154,13.14696],[123.73125,13.1467],[123.731,13.14648],[123.73049,13.14606],[123.73047,13.14605],[123.73017,13.14579],[123.73009,13.14572],[123.73007,13.1457],[123.72991,13.14556],[123.72952,13.14522],[123.72926,13.14499],[123.729,13.14477],[123.72892,13.1447],[123.72874,13.14454],[123.72872,13.14453],[123.72812,13.14402],[123.72763,13.1436],[123.72706,13.14311],[123.72679,13.14331],[123.72625,13.14373],[123.72596,13.14396],[123.72593,13.14399],[123.72556,13.14429],[123.72535,13.14446],[123.72529,13.14451],[123.72486,13.14489],[123.72461,13.14509],[123.7241,13.14548],[123.72381,13.14569],[123.72351,13.14592],[123.72345,13.14597],[123.72308,13.14627],[123.72305,13.1463],[123.72292,13.14641],[123.72279,13.14651],[123.72252,13.14672],[123.72231,13.14689],[123.72189,13.14718],[123.72167,13.14736],[123.72159,13.14742],[123.72136,13.1476],[123.72121,13.14771],[123.72115,13.14775],[123.72107,13.1478],[123.72102,13.14782],[123.72097,13.14784],[123.72089,13.14786],[123.72049,13.14795],[123.72009,13.14804],[123.72002,13.14806],[123.71941,13.14822],[123.71923,13.14827],[123.71873,13.14842],[123.71756,13.14875],[123.71728,13.14881],[123.71713,13.14885],[123.71691,13.14889],[123.71691,13.14905],[123.71678,13.14977],[123.71552,13.14948],[123.71501,13.14937],[123.71477,13.1493],[123.71418,13.14913],[123.71405,13.14909],[123.71398,13.14906],[123.71333,13.14886],[123.7133,13.14885],[123.71323,13.14883],[123.71297,13.14876],[123.71273,13.1487],[123.71251,13.14863],[123.71163,13.14835],[123.71181,13.14821],[123.71168,13.14806]]}},{"type":"Feature","properties":{"key":"daraga-legazpi-a:loop","routeId":"daraga-legazpi-a","directionId":"loop","label":"Daraga - Legazpi City \"A\" — Daraga to Legazpi City and back","color":"#111111","waypointsUsed":15,"waypointsSkipped":["Alternative Rd."],"distanceMetres":31348,"generatedBy":"scripts/data/build-transport-geometry.js"},"geometry":{"type":"LineString","coordinates":[[123.71168,13.14806],[123.71181,13.14821],[123.71189,13.14815],[123.71196,13.1481],[123.712,13.14805],[123.71208,13.14805],[123.71213,13.14805],[123.71222,13.14804],[123.71227,13.14804],[123.71229,13.14805],[123.71243,13.1481],[123.71252,13.1481],[123.71268,13.14815],[123.71307,13.14829],[123.71345,13.14842],[123.71412,13.14864],[123.7142,13.14868],[123.7144,13.14876],[123.71508,13.14899],[123.71518,13.149],[123.71538,13.14899],[123.71599,13.14895],[123.71691,13.14889],[123.71713,13.14885],[123.71728,13.14881],[123.71756,13.14875],[123.71873,13.14842],[123.71923,13.14827],[123.71941,13.14822],[123.72002,13.14806],[123.72009,13.14804],[123.72049,13.14795],[123.72089,13.14786],[123.72097,13.14784],[123.72102,13.14782],[123.72107,13.1478],[123.72115,13.14775],[123.72121,13.14771],[123.72136,13.1476],[123.72159,13.14742],[123.72167,13.14736],[123.72189,13.14718],[123.72231,13.14689],[123.72252,13.14672],[123.72279,13.14651],[123.72292,13.14641],[123.72305,13.1463],[123.72308,13.14627],[123.72345,13.14597],[123.72351,13.14592],[123.72381,13.14569],[123.7241,13.14548],[123.72461,13.14509],[123.72486,13.14489],[123.72529,13.14451],[123.72535,13.14446],[123.72556,13.14429],[123.72593,13.14399],[123.72596,13.14396],[123.72625,13.14373],[123.72679,13.14331],[123.72706,13.14311],[123.72727,13.14297],[123.72778,13.14269],[123.72821,13.14245],[123.72845,13.14231],[123.72854,13.14225],[123.72859,13.14222],[123.72862,13.1422],[123.72866,13.14216],[123.72886,13.14197],[123.72898,13.14184],[123.72919,13.14159],[123.72923,13.14154],[123.72938,13.14136],[123.72976,13.1409],[123.72992,13.14074],[123.73004,13.14062],[123.73013,13.14051],[123.73028,13.14038],[123.73036,13.1403],[123.73053,13.14016],[123.73072,13.14002],[123.73096,13.13983],[123.73123,13.13965],[123.73125,13.13963],[123.73137,13.13955],[123.73152,13.13945],[123.73159,13.13941],[123.73178,13.13931],[123.73239,13.13903],[123.73261,13.13891],[123.73269,13.13886],[123.73275,13.13883],[123.73279,13.13882],[123.73285,13.1388],[123.73297,13.1388],[123.73309,13.13879],[123.73321,13.13879],[123.73359,13.13878],[123.73373,13.13878],[123.7338,13.13877],[123.73387,13.13875],[123.73391,13.13873],[123.73394,13.1387],[123.73398,13.13865],[123.73404,13.13858],[123.73409,13.13854],[123.73414,13.13851],[123.73421,13.13849],[123.73426,13.13848],[123.73434,13.13847],[123.73461,13.13848],[123.73485,13.13848],[123.73515,13.1385],[123.73534,13.1385],[123.7357,13.13851],[123.73599,13.13851],[123.73606,13.13852],[123.73613,13.13852],[123.73643,13.13852],[123.73664,13.13853],[123.73709,13.13853],[123.73737,13.13852],[123.73778,13.13853],[123.73802,13.13854],[123.73874,13.13855],[123.73912,13.13855],[123.73932,13.13856],[123.73967,13.13857],[123.73971,13.13857],[123.73983,13.13858],[123.74025,13.1386],[123.74048,13.13861],[123.74079,13.13863],[123.74101,13.13864],[123.74119,13.13865],[123.7413,13.13866],[123.74143,13.13867],[123.74156,13.1387],[123.74161,13.1387],[123.74219,13.13879],[123.74231,13.13881],[123.74301,13.13894],[123.74333,13.13899],[123.74344,13.139],[123.74362,13.13903],[123.74364,13.13904],[123.74376,13.13906],[123.74378,13.13907],[123.74393,13.13909],[123.74402,13.13911],[123.74454,13.13919],[123.74466,13.13921],[123.74475,13.13922],[123.74483,13.13924],[123.7449,13.13927],[123.74496,13.13931],[123.74514,13.1394],[123.74534,13.1395],[123.74603,13.13988],[123.74621,13.13999],[123.74625,13.14001],[123.7464,13.1401],[123.74661,13.14022],[123.74672,13.14029],[123.74679,13.14032],[123.74693,13.14039],[123.74737,13.14065],[123.74748,13.1407],[123.74787,13.14089],[123.74814,13.14103],[123.74832,13.14112],[123.74864,13.14128],[123.74888,13.1414],[123.74893,13.14143],[123.74905,13.14148],[123.74909,13.1415],[123.74911,13.1415],[123.74922,13.14154],[123.74935,13.14158],[123.74999,13.14174],[123.75029,13.14182],[123.75044,13.14187],[123.75052,13.14189],[123.75067,13.14193],[123.75077,13.14197],[123.7508,13.14198],[123.75083,13.142],[123.75089,13.14202],[123.75099,13.14207],[123.75117,13.14216],[123.75135,13.14226],[123.7515,13.14236],[123.75155,13.1424],[123.75175,13.14255],[123.75188,13.14266],[123.75198,13.14276],[123.75204,13.14282],[123.75213,13.14293],[123.75223,13.14305],[123.75239,13.1433],[123.75248,13.14344],[123.75254,13.14353],[123.75268,13.14374],[123.75276,13.14388],[123.75281,13.14398],[123.75296,13.14425],[123.75302,13.14438],[123.75304,13.14443],[123.75307,13.14454],[123.75316,13.14456],[123.75321,13.14459],[123.75326,13.14464],[123.7533,13.14468],[123.75341,13.14486],[123.75348,13.14502],[123.75355,13.14524],[123.75362,13.14548],[123.75363,13.1455],[123.75367,13.14569],[123.75368,13.1458],[123.75367,13.14588],[123.75367,13.14597],[123.75366,13.14602],[123.75364,13.14608],[123.75362,13.14612],[123.7536,13.14615],[123.75353,13.14634],[123.75345,13.14655],[123.75366,13.14658],[123.75377,13.14659],[123.75388,13.1466],[123.75409,13.14662],[123.75399,13.14694],[123.75389,13.14723],[123.75388,13.14726],[123.75379,13.14751],[123.75373,13.1477],[123.7537,13.14783],[123.75348,13.14856],[123.75384,13.14867],[123.75419,13.1488],[123.75475,13.149],[123.75463,13.14951],[123.75459,13.14968],[123.7545,13.1501],[123.7544,13.15048],[123.75408,13.1504],[123.75375,13.15034],[123.75371,13.15033],[123.75342,13.15026],[123.75301,13.15018],[123.75264,13.1501],[123.75201,13.14996],[123.75205,13.15019],[123.75207,13.15029],[123.75209,13.15038],[123.75217,13.15063],[123.7522,13.15077],[123.75222,13.15091],[123.75222,13.15094],[123.75225,13.15099],[123.75227,13.15112],[123.75225,13.15099],[123.75222,13.15094],[123.75222,13.15091],[123.7522,13.15077],[123.75217,13.15063],[123.75212,13.15046],[123.75209,13.15038],[123.75207,13.15029],[123.75205,13.15019],[123.75201,13.14996],[123.75199,13.14989],[123.75176,13.14891],[123.75171,13.14876],[123.75169,13.14866],[123.75173,13.14868],[123.7525,13.14886],[123.75292,13.14896],[123.75335,13.14904],[123.75301,13.15018],[123.75289,13.15066],[123.75269,13.15135],[123.75267,13.15143],[123.7526,13.15166],[123.75256,13.15181],[123.75247,13.15213],[123.75243,13.15229],[123.7523,13.15273],[123.7522,13.15306],[123.75214,13.15329],[123.75211,13.15336],[123.75207,13.15347],[123.752,13.15361],[123.75192,13.15375],[123.75186,13.15385],[123.7518,13.15393],[123.75162,13.15417],[123.75155,13.15426],[123.75153,13.15429],[123.75143,13.15442],[123.75139,13.15446],[123.75136,13.15451],[123.75134,13.15456],[123.75132,13.1546],[123.75131,13.15466],[123.75128,13.1549],[123.75127,13.1551],[123.75125,13.15531],[123.75122,13.15566],[123.75119,13.1561],[123.75119,13.15621],[123.75118,13.1564],[123.75117,13.15647],[123.75116,13.15677],[123.75113,13.15725],[123.75113,13.15751],[123.75113,13.15753],[123.75113,13.15767],[123.75113,13.15791],[123.75114,13.15827],[123.75114,13.1586],[123.75114,13.15864],[123.75115,13.15902],[123.75116,13.1592],[123.75116,13.15956],[123.75117,13.15973],[123.75119,13.16006],[123.75121,13.16062],[123.75123,13.16115],[123.75128,13.16239],[123.75129,13.16246],[123.7513,13.16275],[123.75131,13.16288],[123.75133,13.16333],[123.75134,13.16366],[123.75138,13.16447],[123.7514,13.16486],[123.75146,13.16624],[123.75147,13.16652],[123.75149,13.16701],[123.7515,13.16708],[123.75152,13.16764],[123.75155,13.16854],[123.75164,13.1698],[123.75165,13.17017],[123.75168,13.17062],[123.75169,13.17072],[123.7517,13.17084],[123.75172,13.17113],[123.75174,13.17141],[123.75175,13.17155],[123.75176,13.17169],[123.75177,13.1718],[123.75179,13.17206],[123.7518,13.17227],[123.75182,13.17244],[123.75184,13.17274],[123.75189,13.17321],[123.7519,13.17336],[123.75198,13.17419],[123.752,13.1744],[123.75206,13.17493],[123.75217,13.17576],[123.75222,13.17615],[123.75226,13.17643],[123.75228,13.17653],[123.75231,13.17674],[123.7524,13.1774],[123.75249,13.17786],[123.75258,13.17839],[123.75277,13.17979],[123.75279,13.17992],[123.75259,13.17995],[123.75276,13.17993],[123.75279,13.17992],[123.75277,13.17979],[123.75258,13.17839],[123.75249,13.17786],[123.7524,13.1774],[123.75231,13.17674],[123.75228,13.17653],[123.75226,13.17643],[123.75222,13.17615],[123.75217,13.17576],[123.75206,13.17493],[123.752,13.1744],[123.75198,13.17419],[123.7519,13.17336],[123.75189,13.17321],[123.75184,13.17274],[123.75182,13.17244],[123.7518,13.17227],[123.75179,13.17206],[123.75177,13.1718],[123.75176,13.17169],[123.75175,13.17155],[123.75174,13.17141],[123.75172,13.17113],[123.7517,13.17084],[123.75169,13.17072],[123.75168,13.17062],[123.75165,13.17017],[123.75164,13.1698],[123.75155,13.16854],[123.75152,13.16764],[123.7515,13.16708],[123.75149,13.16701],[123.75147,13.16652],[123.75146,13.16624],[123.7514,13.16486],[123.75138,13.16447],[123.75134,13.16366],[123.75133,13.16333],[123.75131,13.16288],[123.7513,13.16275],[123.75129,13.16246],[123.75128,13.16239],[123.75123,13.16115],[123.75121,13.16062],[123.75119,13.16006],[123.75117,13.15973],[123.75116,13.15956],[123.75116,13.1592],[123.75115,13.15902],[123.75114,13.15864],[123.75114,13.1586],[123.75114,13.15827],[123.75113,13.15791],[123.75113,13.15767],[123.75113,13.15753],[123.75113,13.15751],[123.75113,13.15725],[123.75116,13.15677],[123.75117,13.15647],[123.75118,13.1564],[123.75119,13.15621],[123.75119,13.1561],[123.75122,13.15566],[123.75125,13.15531],[123.75127,13.1551],[123.75128,13.1549],[123.75131,13.15466],[123.75132,13.1546],[123.75134,13.15456],[123.75136,13.15451],[123.75139,13.15446],[123.75143,13.15442],[123.75153,13.15429],[123.75155,13.15426],[123.75162,13.15417],[123.7518,13.15393],[123.75186,13.15385],[123.75192,13.15375],[123.752,13.15361],[123.75207,13.15347],[123.75211,13.15336],[123.75214,13.15329],[123.7522,13.15306],[123.7523,13.15273],[123.75243,13.15229],[123.75247,13.15213],[123.75256,13.15181],[123.7526,13.15166],[123.75267,13.15143],[123.75269,13.15135],[123.75289,13.15066],[123.75301,13.15018],[123.75264,13.1501],[123.75292,13.14896],[123.753,13.14866],[123.75329,13.14763],[123.75325,13.1476],[123.75307,13.14748],[123.75294,13.14736],[123.75289,13.14731],[123.75288,13.14732],[123.75286,13.14733],[123.75284,13.14734],[123.75282,13.14734],[123.7528,13.14733],[123.75278,13.14732],[123.75276,13.1473],[123.75276,13.14728],[123.75276,13.14727],[123.75276,13.14725],[123.75276,13.14724],[123.75276,13.14723],[123.75277,13.14722],[123.75278,13.14721],[123.75275,13.14718],[123.75271,13.14712],[123.75265,13.14705],[123.75257,13.14696],[123.75252,13.14686],[123.75249,13.14681],[123.75247,13.14669],[123.75232,13.14665],[123.75224,13.14663],[123.75179,13.14646],[123.75169,13.14642],[123.75163,13.14639],[123.75154,13.14636],[123.7514,13.14632],[123.75124,13.14628],[123.75102,13.14625],[123.75098,13.14624],[123.75075,13.14619],[123.75056,13.14617],[123.75036,13.14615],[123.75027,13.14613],[123.75003,13.14609],[123.74989,13.14607],[123.74968,13.1461],[123.74965,13.14611],[123.74957,13.14615],[123.7495,13.14621],[123.74946,13.14625],[123.74933,13.14637],[123.74922,13.14648],[123.74916,13.14653],[123.74908,13.14657],[123.74901,13.1466],[123.74896,13.14662],[123.74894,13.14663],[123.74862,13.14669],[123.74855,13.14669],[123.74805,13.14666],[123.74767,13.14662],[123.7474,13.14659],[123.74702,13.14655],[123.74653,13.1465],[123.74616,13.14647],[123.74591,13.14644],[123.74563,13.14642],[123.7455,13.14637],[123.7453,13.14631],[123.74518,13.14625],[123.74507,13.1462],[123.74497,13.14616],[123.74489,13.14614],[123.74481,13.14612],[123.7447,13.14611],[123.74465,13.14611],[123.74457,13.14611],[123.74443,13.1461],[123.74432,13.14608],[123.74414,13.14604],[123.74399,13.14602],[123.74376,13.14597],[123.74373,13.14596],[123.74366,13.14595],[123.74359,13.14594],[123.7435,13.14594],[123.74326,13.14597],[123.74299,13.14598],[123.74251,13.14602],[123.74218,13.14604],[123.74196,13.14605],[123.74171,13.14606],[123.74122,13.14606],[123.74097,13.14606],[123.7408,13.14606],[123.74062,13.14607],[123.74044,13.14607],[123.73979,13.14608],[123.73964,13.14608],[123.73925,13.14608],[123.73895,13.14608],[123.7387,13.14608],[123.73826,13.14609],[123.73802,13.14609],[123.73747,13.14609],[123.73691,13.14611],[123.73645,13.14612],[123.7364,13.14613],[123.73635,13.14614],[123.73627,13.14617],[123.73619,13.14621],[123.73593,13.14634],[123.73524,13.14668],[123.73518,13.1467],[123.73506,13.14671],[123.73452,13.14672],[123.73454,13.14621],[123.73455,13.14596],[123.73455,13.14586],[123.73455,13.14566],[123.73455,13.14522],[123.73455,13.14514],[123.73455,13.14498],[123.73454,13.14449],[123.73454,13.14447],[123.73454,13.14443],[123.73454,13.14433],[123.73453,13.14409],[123.73454,13.1436],[123.73454,13.14336],[123.73454,13.14332],[123.73454,13.14329],[123.73454,13.14317],[123.73455,13.14255],[123.73455,13.14245],[123.73455,13.14234],[123.73456,13.14187],[123.73456,13.1417],[123.73456,13.14164],[123.73456,13.14141],[123.73456,13.14133],[123.73456,13.14125],[123.73456,13.14089],[123.73457,13.14048],[123.73457,13.14026],[123.73457,13.14008],[123.73457,13.13986],[123.73406,13.13989],[123.73405,13.13952],[123.73404,13.13923],[123.73405,13.13916],[123.73403,13.13912],[123.73401,13.13908],[123.734,13.139],[123.73399,13.13884],[123.73398,13.13865],[123.73394,13.1387],[123.73391,13.13873],[123.73387,13.13875],[123.7338,13.13877],[123.73373,13.13878],[123.73359,13.13878],[123.73342,13.13879],[123.73321,13.13879],[123.73321,13.13922],[123.73322,13.13994],[123.73406,13.13989],[123.73457,13.13986],[123.73457,13.14008],[123.73457,13.14026],[123.73457,13.14048],[123.73456,13.14089],[123.73456,13.14125],[123.73456,13.14133],[123.73456,13.14141],[123.73456,13.14164],[123.73456,13.1417],[123.73456,13.14187],[123.73455,13.14234],[123.73455,13.14245],[123.73455,13.14255],[123.73454,13.14317],[123.73454,13.14329],[123.73454,13.14336],[123.73454,13.1436],[123.73453,13.14409],[123.73454,13.14433],[123.73454,13.14443],[123.73454,13.14447],[123.73454,13.14449],[123.73455,13.14498],[123.73455,13.14514],[123.73455,13.14522],[123.73455,13.14566],[123.73455,13.14586],[123.73455,13.14596],[123.73454,13.14621],[123.73452,13.14672],[123.7345,13.1472],[123.73449,13.14757],[123.73449,13.14764],[123.7345,13.148],[123.7345,13.14808],[123.7345,13.14868],[123.73449,13.14918],[123.73449,13.14944],[123.73447,13.15025],[123.73447,13.15046],[123.73446,13.15064],[123.73445,13.1513],[123.73445,13.15132],[123.73445,13.15157],[123.73446,13.15182],[123.73446,13.1519],[123.73445,13.15219],[123.73445,13.15231],[123.73445,13.15245],[123.73445,13.15272],[123.73445,13.15275],[123.73445,13.15281],[123.73444,13.15333],[123.73444,13.15344],[123.73444,13.15363],[123.73444,13.15369],[123.73444,13.15395],[123.73444,13.15421],[123.73444,13.15431],[123.73444,13.15447],[123.73443,13.15484],[123.73443,13.15513],[123.73443,13.1553],[123.73442,13.1555],[123.73439,13.1558],[123.73439,13.15585],[123.7344,13.15589],[123.73442,13.15593],[123.73446,13.15596],[123.73451,13.15598],[123.73457,13.15598],[123.73488,13.15598],[123.73526,13.15595],[123.73533,13.15596],[123.73559,13.15596],[123.73568,13.15596],[123.73593,13.15596],[123.73638,13.15595],[123.7369,13.15594],[123.73697,13.15595],[123.73742,13.15594],[123.73783,13.15594],[123.73789,13.15595],[123.7382,13.15596],[123.7383,13.15595],[123.73861,13.15595],[123.7387,13.15595],[123.73928,13.15594],[123.73982,13.15593],[123.73988,13.15593],[123.74031,13.15592],[123.74044,13.15592],[123.74055,13.15592],[123.74102,13.15593],[123.74113,13.15593],[123.74154,13.15592],[123.74164,13.15593],[123.74208,13.15593],[123.74288,13.15589],[123.74302,13.15589],[123.74315,13.1559],[123.74337,13.15588],[123.74355,13.15588],[123.74364,13.15588],[123.74367,13.15588],[123.74394,13.15587],[123.74428,13.15587],[123.74453,13.15587],[123.74486,13.15587],[123.74532,13.15589],[123.74538,13.15589],[123.74542,13.15589],[123.74557,13.15589],[123.7463,13.15589],[123.74663,13.15589],[123.74689,13.15587],[123.74694,13.15586],[123.74707,13.15615],[123.74717,13.15635],[123.74727,13.15655],[123.74735,13.1567],[123.74739,13.15678],[123.74741,13.15688],[123.7474,13.15715],[123.74739,13.15728],[123.74737,13.15739],[123.74728,13.15753],[123.74719,13.15765],[123.74715,13.15775],[123.74714,13.15788],[123.74712,13.15808],[123.7471,13.15895],[123.74707,13.15957],[123.74706,13.16004],[123.74706,13.16042],[123.74707,13.16054],[123.74716,13.16053],[123.74749,13.16054],[123.74794,13.16056],[123.74821,13.16057],[123.7486,13.16058],[123.74909,13.1606],[123.74942,13.16061],[123.75039,13.16065],[123.7507,13.16064],[123.75101,13.16062],[123.75121,13.16062],[123.75123,13.16115],[123.75128,13.16239],[123.75129,13.16246],[123.7513,13.16275],[123.75131,13.16288],[123.75133,13.16333],[123.75134,13.16366],[123.75138,13.16447],[123.7514,13.16486],[123.75146,13.16624],[123.75147,13.16652],[123.75149,13.16701],[123.7515,13.16708],[123.75152,13.16764],[123.75155,13.16854],[123.75164,13.1698],[123.75165,13.17017],[123.75168,13.17062],[123.75169,13.17072],[123.7517,13.17084],[123.75172,13.17113],[123.75174,13.17141],[123.75175,13.17155],[123.75176,13.17169],[123.75177,13.1718],[123.75179,13.17206],[123.7518,13.17227],[123.75182,13.17244],[123.75184,13.17274],[123.75189,13.17321],[123.7519,13.17336],[123.75198,13.17419],[123.752,13.1744],[123.75206,13.17493],[123.75217,13.17576],[123.75222,13.17615],[123.75226,13.17643],[123.75228,13.17653],[123.75231,13.17674],[123.7524,13.1774],[123.75249,13.17786],[123.75258,13.17839],[123.75277,13.17979],[123.75279,13.17992],[123.75259,13.17995],[123.75276,13.17993],[123.75279,13.17992],[123.75277,13.17979],[123.75258,13.17839],[123.75249,13.17786],[123.7524,13.1774],[123.75231,13.17674],[123.75228,13.17653],[123.75226,13.17643],[123.75222,13.17615],[123.75217,13.17576],[123.75206,13.17493],[123.752,13.1744],[123.75198,13.17419],[123.7519,13.17336],[123.75189,13.17321],[123.75184,13.17274],[123.75182,13.17244],[123.7518,13.17227],[123.75179,13.17206],[123.75177,13.1718],[123.75176,13.17169],[123.75175,13.17155],[123.75174,13.17141],[123.75172,13.17113],[123.7517,13.17084],[123.75169,13.17072],[123.75168,13.17062],[123.75112,13.17067],[123.7509,13.17072],[123.75064,13.17081],[123.75041,13.17088],[123.75012,13.171],[123.74972,13.17112],[123.74941,13.1712],[123.74809,13.17162],[123.74749,13.17181],[123.7471,13.17194],[123.74683,13.17202],[123.74636,13.17214],[123.74624,13.17217],[123.74611,13.17219],[123.74602,13.17218],[123.74565,13.17215],[123.74556,13.17216],[123.74551,13.17216],[123.74547,13.17216],[123.74524,13.1722],[123.74503,13.17226],[123.74456,13.17234],[123.74396,13.17237],[123.74356,13.17229],[123.74333,13.17222],[123.74328,13.17221],[123.74322,13.1722],[123.74294,13.17228],[123.74268,13.17237],[123.74198,13.1718],[123.7419,13.17174],[123.74179,13.17167],[123.74157,13.17155],[123.74114,13.17136],[123.74054,13.17111],[123.74013,13.17094],[123.74005,13.17091],[123.73998,13.17086],[123.73971,13.17065],[123.73936,13.17037],[123.7393,13.17041],[123.73922,13.17043],[123.73915,13.17042],[123.73908,13.17038],[123.73905,13.17034],[123.73902,13.17029],[123.73902,13.17023],[123.73902,13.17018],[123.73905,13.17013],[123.73818,13.16971],[123.73801,13.16962],[123.73743,13.16935],[123.73656,13.16902],[123.73573,13.16876],[123.7352,13.16858],[123.73432,13.16824],[123.7342,13.1671],[123.73423,13.16696],[123.73427,13.16674],[123.73432,13.16633],[123.73434,13.16559],[123.73434,13.16545],[123.73435,13.16536],[123.73435,13.16468],[123.73437,13.16406],[123.73437,13.16338],[123.73437,13.16272],[123.73437,13.16251],[123.73437,13.16236],[123.73437,13.16222],[123.73438,13.16174],[123.73437,13.16148],[123.73438,13.16096],[123.73439,13.16058],[123.7344,13.16006],[123.73441,13.15996],[123.73443,13.15988],[123.7344,13.15979],[123.7344,13.15967],[123.7344,13.15939],[123.7344,13.15869],[123.7344,13.15831],[123.7344,13.15813],[123.73438,13.15808],[123.73434,13.158],[123.73429,13.15793],[123.73422,13.15788],[123.734,13.15772],[123.73378,13.15758],[123.73329,13.15726],[123.73312,13.15714],[123.73296,13.15704],[123.73279,13.15692],[123.73269,13.15685],[123.73255,13.15676],[123.73245,13.15669],[123.73226,13.15658],[123.73211,13.15648],[123.73193,13.15639],[123.73167,13.15624],[123.73154,13.15616],[123.73148,13.15614],[123.73142,13.15612],[123.73136,13.15611],[123.73127,13.1561],[123.73116,13.15609],[123.7308,13.15609],[123.73048,13.15609],[123.73013,13.1561],[123.72929,13.1561],[123.72911,13.1561],[123.72884,13.15609],[123.72835,13.1561],[123.72829,13.1561],[123.72821,13.1561],[123.7281,13.1561],[123.72799,13.1561],[123.72777,13.1561],[123.72748,13.1561],[123.72735,13.1561],[123.72721,13.1561],[123.72706,13.15611],[123.72697,13.15612],[123.72688,13.15614],[123.72679,13.15616],[123.72671,13.1562],[123.72668,13.15621],[123.72656,13.15626],[123.72634,13.15636],[123.72626,13.1564],[123.72608,13.15648],[123.72597,13.15653],[123.72576,13.15663],[123.72564,13.15668],[123.72524,13.15686],[123.72503,13.15694],[123.72483,13.15702],[123.72448,13.15716],[123.72414,13.15727],[123.72392,13.15734],[123.72371,13.15739],[123.72357,13.15742],[123.7233,13.15744],[123.72315,13.15746],[123.72294,13.15747],[123.7227,13.15749],[123.7224,13.1575],[123.7221,13.1575],[123.72181,13.15748],[123.72141,13.15745],[123.72122,13.15743],[123.72097,13.15742],[123.72088,13.15742],[123.7208,13.15741],[123.72004,13.15736],[123.7197,13.15733],[123.71949,13.15731],[123.71941,13.1573],[123.71929,13.15729],[123.71916,13.15728],[123.719,13.15725],[123.71885,13.15722],[123.7187,13.15717],[123.71861,13.15713],[123.7185,13.15708],[123.71842,13.15703],[123.71827,13.15693],[123.71817,13.15685],[123.71807,13.15676],[123.71797,13.15666],[123.71787,13.15652],[123.71779,13.1564],[123.71773,13.15627],[123.71755,13.15589],[123.71753,13.15569],[123.71747,13.1553],[123.71744,13.15508],[123.71743,13.15487],[123.71744,13.15461],[123.71745,13.15446],[123.71747,13.15426],[123.71749,13.15412],[123.71756,13.15385],[123.71762,13.1537],[123.71768,13.15357],[123.71782,13.1531],[123.71783,13.15304],[123.71788,13.15267],[123.71787,13.15242],[123.71787,13.15236],[123.71785,13.15223],[123.71773,13.15182],[123.7174,13.15118],[123.71738,13.15114],[123.71727,13.15098],[123.71721,13.15089],[123.71715,13.15081],[123.71706,13.15069],[123.7169,13.15049],[123.71689,13.15047],[123.71684,13.15036],[123.71678,13.15023],[123.71677,13.15017],[123.71678,13.15002],[123.71678,13.14977],[123.71552,13.14948],[123.71501,13.14937],[123.71477,13.1493],[123.71418,13.14913],[123.71405,13.14909],[123.71398,13.14906],[123.71333,13.14886],[123.7133,13.14885],[123.71323,13.14883],[123.71297,13.14876],[123.71273,13.1487],[123.71251,13.14863],[123.71163,13.14835],[123.71181,13.14821],[123.71168,13.14806]]}},{"type":"Feature","properties":{"key":"daraga-legazpi-b:loop","routeId":"daraga-legazpi-b","directionId":"loop","label":"Daraga - Legazpi City \"B\" — From Daraga","color":"#e8632a","waypointsUsed":21,"waypointsSkipped":["Imperial Court Subd. 2","Gov. Forbes St.","AH 26"],"distanceMetres":27158,"generatedBy":"scripts/data/build-transport-geometry.js"},"geometry":{"type":"LineString","coordinates":[[123.71168,13.14806],[123.71181,13.14821],[123.71189,13.14815],[123.71196,13.1481],[123.712,13.14805],[123.71208,13.14805],[123.71213,13.14805],[123.71222,13.14804],[123.71227,13.14804],[123.71229,13.14805],[123.71243,13.1481],[123.71252,13.1481],[123.71268,13.14815],[123.71307,13.14829],[123.71345,13.14842],[123.71412,13.14864],[123.7142,13.14868],[123.7144,13.14876],[123.71508,13.14899],[123.71518,13.149],[123.71538,13.14899],[123.71599,13.14895],[123.71691,13.14889],[123.71713,13.14885],[123.71728,13.14881],[123.71756,13.14875],[123.71873,13.14842],[123.71923,13.14827],[123.71941,13.14822],[123.72002,13.14806],[123.72009,13.14804],[123.72049,13.14795],[123.72089,13.14786],[123.72097,13.14784],[123.72102,13.14782],[123.72107,13.1478],[123.72115,13.14775],[123.72121,13.14771],[123.72136,13.1476],[123.72159,13.14742],[123.72167,13.14736],[123.72189,13.14718],[123.72231,13.14689],[123.72252,13.14672],[123.72279,13.14651],[123.72292,13.14641],[123.72305,13.1463],[123.72308,13.14627],[123.72345,13.14597],[123.72351,13.14592],[123.72381,13.14569],[123.7241,13.14548],[123.72461,13.14509],[123.72486,13.14489],[123.72529,13.14451],[123.72535,13.14446],[123.72556,13.14429],[123.72593,13.14399],[123.72596,13.14396],[123.72625,13.14373],[123.72679,13.14331],[123.72706,13.14311],[123.72727,13.14297],[123.72778,13.14269],[123.72821,13.14245],[123.72845,13.14231],[123.72854,13.14225],[123.72859,13.14222],[123.72862,13.1422],[123.72866,13.14216],[123.72886,13.14197],[123.72898,13.14184],[123.72919,13.14159],[123.72923,13.14154],[123.72938,13.14136],[123.72976,13.1409],[123.72992,13.14074],[123.73004,13.14062],[123.73013,13.14051],[123.73028,13.14038],[123.73036,13.1403],[123.73053,13.14016],[123.73072,13.14002],[123.73096,13.13983],[123.73123,13.13965],[123.73125,13.13963],[123.73137,13.13955],[123.73152,13.13945],[123.73159,13.13941],[123.73178,13.13931],[123.73239,13.13903],[123.73261,13.13891],[123.73269,13.13886],[123.73275,13.13883],[123.73279,13.13882],[123.73285,13.1388],[123.73297,13.1388],[123.73309,13.13879],[123.73321,13.13879],[123.73359,13.13878],[123.73373,13.13878],[123.7338,13.13877],[123.73387,13.13875],[123.73391,13.13873],[123.73394,13.1387],[123.73398,13.13865],[123.73404,13.13858],[123.73409,13.13854],[123.73414,13.13851],[123.73421,13.13849],[123.73426,13.13848],[123.73434,13.13847],[123.73461,13.13848],[123.73485,13.13848],[123.73515,13.1385],[123.73534,13.1385],[123.7357,13.13851],[123.73599,13.13851],[123.73606,13.13852],[123.73604,13.13876],[123.73597,13.13876],[123.73592,13.13877],[123.73588,13.13879],[123.73586,13.13881],[123.73584,13.13885],[123.73584,13.13885],[123.73584,13.13893],[123.73586,13.13897],[123.73589,13.13899],[123.73593,13.13901],[123.73603,13.13902],[123.73602,13.13924],[123.73533,13.13922],[123.73499,13.1392],[123.73495,13.13921],[123.73489,13.13922],[123.73479,13.13922],[123.73457,13.13922],[123.73458,13.13965],[123.73457,13.13985],[123.73457,13.13986],[123.73457,13.14008],[123.73457,13.14026],[123.73457,13.14048],[123.73456,13.14089],[123.73456,13.14125],[123.73456,13.14133],[123.73456,13.14141],[123.73456,13.14164],[123.73456,13.1417],[123.73456,13.14187],[123.73455,13.14234],[123.73455,13.14245],[123.73455,13.14255],[123.73454,13.14317],[123.73454,13.14329],[123.73454,13.14336],[123.73454,13.1436],[123.73453,13.14409],[123.73454,13.14433],[123.73454,13.14443],[123.73454,13.14447],[123.73454,13.14449],[123.73455,13.14498],[123.73455,13.14514],[123.73455,13.14522],[123.73455,13.14566],[123.73455,13.14586],[123.73455,13.14596],[123.73454,13.14621],[123.73452,13.14672],[123.7345,13.1472],[123.73449,13.14757],[123.73449,13.14764],[123.7345,13.148],[123.7345,13.14808],[123.7345,13.14868],[123.73449,13.14918],[123.73449,13.14944],[123.73447,13.15025],[123.73447,13.15046],[123.73446,13.15064],[123.73445,13.1513],[123.73445,13.15132],[123.73445,13.15157],[123.73446,13.15182],[123.73446,13.1519],[123.73445,13.15219],[123.73445,13.15231],[123.73445,13.15245],[123.73445,13.15272],[123.73445,13.15275],[123.73445,13.15281],[123.73444,13.15333],[123.73444,13.15344],[123.73444,13.15363],[123.73444,13.15369],[123.73444,13.15395],[123.73444,13.15421],[123.73444,13.15431],[123.73444,13.15447],[123.73443,13.15484],[123.73443,13.15513],[123.73443,13.1553],[123.73442,13.1555],[123.73439,13.1558],[123.73439,13.15585],[123.7344,13.15589],[123.73442,13.15593],[123.73446,13.15596],[123.73451,13.15598],[123.73457,13.15598],[123.73488,13.15598],[123.73526,13.15595],[123.73533,13.15596],[123.73559,13.15596],[123.73568,13.15596],[123.73593,13.15596],[123.73638,13.15595],[123.7369,13.15594],[123.73697,13.15595],[123.73742,13.15594],[123.73783,13.15594],[123.73789,13.15595],[123.7382,13.15596],[123.7383,13.15595],[123.73861,13.15595],[123.7387,13.15595],[123.73928,13.15594],[123.73982,13.15593],[123.73988,13.15593],[123.74031,13.15592],[123.74044,13.15592],[123.74055,13.15592],[123.74102,13.15593],[123.74113,13.15593],[123.74154,13.15592],[123.74164,13.15593],[123.74208,13.15593],[123.74288,13.15589],[123.74302,13.15589],[123.74315,13.1559],[123.74312,13.15542],[123.74312,13.15534],[123.74311,13.15529],[123.74221,13.15528],[123.7429,13.15529],[123.74311,13.15529],[123.74312,13.15534],[123.74312,13.15542],[123.74315,13.1559],[123.74337,13.15588],[123.74355,13.15588],[123.74364,13.15588],[123.74367,13.15588],[123.74394,13.15587],[123.74428,13.15587],[123.74453,13.15587],[123.74486,13.15587],[123.74532,13.15589],[123.74538,13.15589],[123.74542,13.15589],[123.74557,13.15589],[123.7463,13.15589],[123.74663,13.15589],[123.74689,13.15587],[123.74694,13.15586],[123.74718,13.15579],[123.74719,13.15558],[123.74719,13.15542],[123.7472,13.15523],[123.7472,13.15514],[123.7472,13.15498],[123.7472,13.1547],[123.74673,13.15469],[123.74675,13.15357],[123.74675,13.1534],[123.74677,13.15286],[123.74747,13.15285],[123.74747,13.15267],[123.74746,13.15252],[123.74745,13.15249],[123.74742,13.15245],[123.74734,13.15239],[123.74723,13.15233],[123.74716,13.15225],[123.74709,13.15211],[123.74706,13.15201],[123.74701,13.15181],[123.747,13.15177],[123.747,13.15172],[123.747,13.15167],[123.747,13.15162],[123.74701,13.15155],[123.74702,13.1515],[123.74703,13.15141],[123.74711,13.15117],[123.74714,13.15106],[123.74722,13.1507],[123.74728,13.15034],[123.74731,13.15017],[123.74733,13.15005],[123.74739,13.14972],[123.74742,13.14951],[123.74743,13.14946],[123.74748,13.14909],[123.74752,13.14882],[123.74754,13.14869],[123.74756,13.14857],[123.74761,13.14828],[123.74764,13.14815],[123.74765,13.14809],[123.7477,13.14781],[123.74772,13.14768],[123.74774,13.1476],[123.74776,13.14755],[123.74781,13.14746],[123.74788,13.14728],[123.74795,13.14711],[123.748,13.14697],[123.74802,13.14689],[123.74804,13.14682],[123.74805,13.14678],[123.74805,13.14666],[123.74855,13.14669],[123.74854,13.14657],[123.74852,13.14646],[123.74851,13.14644],[123.74849,13.14636],[123.74846,13.14629],[123.74845,13.14624],[123.74832,13.14591],[123.74825,13.14573],[123.74809,13.14527],[123.74825,13.14573],[123.74832,13.14591],[123.74845,13.14624],[123.74849,13.14636],[123.74851,13.14644],[123.74852,13.14646],[123.74854,13.14657],[123.74855,13.14669],[123.74862,13.14669],[123.74894,13.14663],[123.74896,13.14662],[123.74901,13.1466],[123.74908,13.14657],[123.74916,13.14653],[123.74922,13.14648],[123.74933,13.14637],[123.74946,13.14625],[123.7495,13.14621],[123.74957,13.14615],[123.74965,13.14611],[123.74968,13.1461],[123.74989,13.14607],[123.75003,13.14609],[123.75027,13.14613],[123.75036,13.14615],[123.75056,13.14617],[123.75075,13.14619],[123.75098,13.14624],[123.75102,13.14625],[123.75124,13.14628],[123.7514,13.14632],[123.75154,13.14636],[123.75169,13.14642],[123.75163,13.14656],[123.75162,13.14658],[123.7516,13.14662],[123.75159,13.14663],[123.75158,13.14663],[123.75156,13.14665],[123.75155,13.14667],[123.75153,13.14672],[123.7515,13.14677],[123.75136,13.14703],[123.75136,13.14703],[123.7515,13.14677],[123.75153,13.14672],[123.75155,13.14667],[123.75156,13.14665],[123.75158,13.14663],[123.75159,13.14663],[123.7516,13.14662],[123.75162,13.14658],[123.75163,13.14656],[123.75169,13.14642],[123.75154,13.14636],[123.7514,13.14632],[123.75124,13.14628],[123.75102,13.14625],[123.75098,13.14624],[123.75075,13.14619],[123.75076,13.14609],[123.75079,13.14603],[123.75094,13.14579],[123.75114,13.1455],[123.75126,13.14529],[123.75127,13.14521],[123.7513,13.14512],[123.75137,13.145],[123.75157,13.14483],[123.75165,13.14476],[123.75176,13.14467],[123.75199,13.14449],[123.75237,13.14427],[123.75242,13.14437],[123.75245,13.14447],[123.75247,13.14462],[123.75307,13.14454],[123.75316,13.14456],[123.75321,13.14459],[123.75326,13.14464],[123.7533,13.14468],[123.75341,13.14486],[123.75348,13.14502],[123.75355,13.14524],[123.75362,13.14548],[123.75363,13.1455],[123.75367,13.14569],[123.75368,13.1458],[123.75367,13.14588],[123.75367,13.14597],[123.75366,13.14602],[123.75364,13.14608],[123.75362,13.14612],[123.7536,13.14615],[123.75353,13.14634],[123.75345,13.14655],[123.75366,13.14658],[123.75377,13.14659],[123.75388,13.1466],[123.75409,13.14662],[123.75433,13.14664],[123.75448,13.14665],[123.7547,13.14665],[123.7548,13.14665],[123.75486,13.14665],[123.75494,13.14665],[123.7551,13.14664],[123.75522,13.14663],[123.75527,13.14663],[123.7553,13.14662],[123.75534,13.1466],[123.75536,13.14658],[123.7554,13.14656],[123.75567,13.14631],[123.75574,13.14624],[123.75583,13.14615],[123.75587,13.14611],[123.75589,13.14607],[123.7559,13.14605],[123.75592,13.14602],[123.75593,13.14599],[123.75595,13.14596],[123.75596,13.14591],[123.75607,13.14548],[123.75616,13.14505],[123.75619,13.14494],[123.75621,13.14488],[123.75628,13.14489],[123.75634,13.1449],[123.75631,13.14496],[123.75629,13.14502],[123.75627,13.14506],[123.75625,13.14517],[123.75623,13.14537],[123.75621,13.14546],[123.75619,13.14552],[123.75612,13.14574],[123.75606,13.14594],[123.75602,13.14606],[123.7559,13.14605],[123.75592,13.14602],[123.75593,13.14599],[123.75595,13.14596],[123.75596,13.14591],[123.75607,13.14548],[123.75616,13.14505],[123.75619,13.14494],[123.75621,13.14488],[123.75621,13.14486],[123.75628,13.14471],[123.75635,13.14456],[123.75649,13.1443],[123.75656,13.1442],[123.75662,13.14411],[123.75668,13.14404],[123.75676,13.14396],[123.75684,13.14389],[123.75696,13.14378],[123.75704,13.14371],[123.75735,13.14345],[123.75752,13.14333],[123.7577,13.14323],[123.7577,13.14323],[123.75781,13.14317],[123.75791,13.14312],[123.75801,13.14308],[123.75828,13.14299],[123.7584,13.14297],[123.75853,13.14293],[123.75863,13.14293],[123.75868,13.14294],[123.7587,13.14294],[123.75873,13.14295],[123.7588,13.14297],[123.7588,13.14305],[123.7588,13.14308],[123.75879,13.14312],[123.75879,13.14316],[123.75881,13.14318],[123.75882,13.1432],[123.75884,13.14321],[123.75887,13.14321],[123.75889,13.14322],[123.75891,13.14322],[123.75894,13.1432],[123.75896,13.14318],[123.75908,13.14309],[123.759,13.14305],[123.75892,13.14302],[123.75887,13.143],[123.7588,13.14297],[123.75873,13.14295],[123.7587,13.14294],[123.75868,13.14294],[123.75863,13.14293],[123.75853,13.14293],[123.7584,13.14297],[123.75828,13.14299],[123.75801,13.14308],[123.75791,13.14312],[123.75781,13.14317],[123.7577,13.14323],[123.75752,13.14333],[123.75735,13.14345],[123.75704,13.14371],[123.75696,13.14378],[123.75684,13.14389],[123.75676,13.14396],[123.75683,13.14405],[123.75686,13.1441],[123.75687,13.14413],[123.75687,13.14416],[123.75684,13.14419],[123.75679,13.14425],[123.75673,13.14431],[123.75671,13.14434],[123.75664,13.14443],[123.75655,13.14454],[123.75645,13.14469],[123.75634,13.1449],[123.75631,13.14496],[123.75627,13.14506],[123.75625,13.14517],[123.75623,13.14537],[123.75621,13.14546],[123.75619,13.14552],[123.75612,13.14574],[123.75606,13.14594],[123.75602,13.14606],[123.756,13.14612],[123.75598,13.14617],[123.75596,13.14623],[123.75593,13.14629],[123.75588,13.14638],[123.75576,13.14657],[123.75562,13.1468],[123.75551,13.14697],[123.75541,13.14715],[123.75531,13.14734],[123.75513,13.14772],[123.75497,13.14806],[123.75494,13.14812],[123.75491,13.14822],[123.75483,13.14856],[123.75475,13.149],[123.75463,13.14951],[123.75459,13.14968],[123.7545,13.1501],[123.7544,13.15048],[123.75408,13.1504],[123.75375,13.15034],[123.75371,13.15033],[123.75342,13.15026],[123.75301,13.15018],[123.75289,13.15066],[123.75269,13.15135],[123.75267,13.15143],[123.7526,13.15166],[123.75256,13.15181],[123.75247,13.15213],[123.75243,13.15229],[123.7523,13.15273],[123.7522,13.15306],[123.75214,13.15329],[123.75211,13.15336],[123.75207,13.15347],[123.752,13.15361],[123.75192,13.15375],[123.75186,13.15385],[123.7518,13.15393],[123.75162,13.15417],[123.75155,13.15426],[123.75153,13.15429],[123.75143,13.15442],[123.75139,13.15446],[123.75136,13.15451],[123.75134,13.15456],[123.75132,13.1546],[123.75131,13.15466],[123.75128,13.1549],[123.75127,13.1551],[123.75125,13.15531],[123.75122,13.15566],[123.75119,13.1561],[123.75119,13.15621],[123.75118,13.1564],[123.75117,13.15647],[123.75116,13.15677],[123.75113,13.15725],[123.75113,13.15751],[123.75113,13.15753],[123.75113,13.15767],[123.75113,13.15791],[123.75114,13.15827],[123.75114,13.1586],[123.75114,13.15864],[123.75115,13.15902],[123.75116,13.1592],[123.75116,13.15956],[123.75117,13.15973],[123.75119,13.16006],[123.75121,13.16062],[123.75123,13.16115],[123.75128,13.16239],[123.75129,13.16246],[123.7513,13.16275],[123.75131,13.16288],[123.75133,13.16333],[123.75134,13.16366],[123.75138,13.16447],[123.7514,13.16486],[123.75146,13.16624],[123.75147,13.16652],[123.75149,13.16701],[123.7515,13.16708],[123.75152,13.16764],[123.75155,13.16854],[123.75164,13.1698],[123.75165,13.17017],[123.75168,13.17062],[123.75169,13.17072],[123.7517,13.17084],[123.75172,13.17113],[123.75174,13.17141],[123.75175,13.17155],[123.75176,13.17169],[123.75177,13.1718],[123.75179,13.17206],[123.7518,13.17227],[123.75182,13.17244],[123.75184,13.17274],[123.75189,13.17321],[123.7519,13.17336],[123.75198,13.17419],[123.752,13.1744],[123.75206,13.17493],[123.75217,13.17576],[123.75222,13.17615],[123.75226,13.17643],[123.75228,13.17653],[123.75231,13.17674],[123.7524,13.1774],[123.75249,13.17786],[123.75258,13.17839],[123.75277,13.17979],[123.75279,13.17992],[123.75259,13.17995],[123.75276,13.17993],[123.75279,13.17992],[123.75277,13.17979],[123.75258,13.17839],[123.75249,13.17786],[123.7524,13.1774],[123.75231,13.17674],[123.75228,13.17653],[123.75226,13.17643],[123.75222,13.17615],[123.75217,13.17576],[123.75206,13.17493],[123.752,13.1744],[123.75198,13.17419],[123.7519,13.17336],[123.75189,13.17321],[123.75184,13.17274],[123.75182,13.17244],[123.7518,13.17227],[123.75179,13.17206],[123.75177,13.1718],[123.75176,13.17169],[123.75175,13.17155],[123.75174,13.17141],[123.75172,13.17113],[123.7517,13.17084],[123.75169,13.17072],[123.75168,13.17062],[123.75165,13.17017],[123.75164,13.1698],[123.75155,13.16854],[123.75152,13.16764],[123.7515,13.16708],[123.75149,13.16701],[123.75147,13.16652],[123.75146,13.16624],[123.7514,13.16486],[123.75138,13.16447],[123.75134,13.16366],[123.75133,13.16333],[123.75131,13.16288],[123.7513,13.16275],[123.75129,13.16246],[123.75128,13.16239],[123.75123,13.16115],[123.75121,13.16062],[123.75119,13.16006],[123.75117,13.15973],[123.75116,13.15956],[123.75116,13.1592],[123.75115,13.15902],[123.75114,13.15864],[123.75114,13.1586],[123.75114,13.15827],[123.75113,13.15791],[123.75113,13.15767],[123.75113,13.15753],[123.75113,13.15751],[123.75113,13.15725],[123.75116,13.15677],[123.75117,13.15647],[123.75118,13.1564],[123.75119,13.15621],[123.75119,13.1561],[123.75122,13.15566],[123.75125,13.15531],[123.75127,13.1551],[123.75128,13.1549],[123.75131,13.15466],[123.75132,13.1546],[123.75134,13.15456],[123.75136,13.15451],[123.75139,13.15446],[123.75143,13.15442],[123.75153,13.15429],[123.75155,13.15426],[123.75162,13.15417],[123.7518,13.15393],[123.75186,13.15385],[123.75192,13.15375],[123.752,13.15361],[123.75207,13.15347],[123.75211,13.15336],[123.75214,13.15329],[123.7522,13.15306],[123.7523,13.15273],[123.75243,13.15229],[123.75247,13.15213],[123.75256,13.15181],[123.7526,13.15166],[123.75267,13.15143],[123.75269,13.15135],[123.75289,13.15066],[123.75301,13.15018],[123.75264,13.1501],[123.75292,13.14896],[123.753,13.14866],[123.75329,13.14763],[123.75325,13.1476],[123.75307,13.14748],[123.75294,13.14736],[123.75289,13.14731],[123.75288,13.14732],[123.75286,13.14733],[123.75284,13.14734],[123.75282,13.14734],[123.7528,13.14733],[123.75278,13.14732],[123.75276,13.1473],[123.75276,13.14728],[123.75276,13.14727],[123.75276,13.14725],[123.75276,13.14724],[123.75276,13.14723],[123.75277,13.14722],[123.75278,13.14721],[123.75275,13.14718],[123.75271,13.14712],[123.75265,13.14705],[123.75257,13.14696],[123.75252,13.14686],[123.75249,13.14681],[123.75247,13.14669],[123.75247,13.14655],[123.75248,13.14646],[123.75251,13.14637],[123.75255,13.14623],[123.75259,13.14612],[123.75266,13.14592],[123.75274,13.14569],[123.75284,13.14541],[123.75292,13.14516],[123.75293,13.14513],[123.75297,13.14503],[123.75301,13.14492],[123.75304,13.14482],[123.75306,13.14471],[123.75306,13.14468],[123.75306,13.14464],[123.75307,13.14454],[123.75304,13.14443],[123.75302,13.14438],[123.75296,13.14425],[123.75281,13.14398],[123.75276,13.14388],[123.75268,13.14374],[123.75254,13.14353],[123.75248,13.14344],[123.75239,13.1433],[123.75223,13.14305],[123.75213,13.14293],[123.75204,13.14282],[123.75198,13.14276],[123.75188,13.14266],[123.75175,13.14255],[123.75155,13.1424],[123.7515,13.14236],[123.75135,13.14226],[123.75117,13.14216],[123.75099,13.14207],[123.75089,13.14202],[123.75083,13.142],[123.7508,13.14198],[123.75077,13.14197],[123.75067,13.14193],[123.75052,13.14189],[123.75044,13.14187],[123.75029,13.14182],[123.74999,13.14174],[123.74935,13.14158],[123.74922,13.14154],[123.74911,13.1415],[123.74909,13.1415],[123.74905,13.14148],[123.74893,13.14143],[123.74888,13.1414],[123.74864,13.14128],[123.74832,13.14112],[123.74813,13.1415],[123.74796,13.14185],[123.7477,13.14239],[123.74761,13.14264],[123.74756,13.14278],[123.74752,13.14288],[123.74759,13.14289],[123.74772,13.14291],[123.74787,13.14296],[123.74822,13.14307],[123.7483,13.1431],[123.74839,13.14316],[123.7486,13.1433],[123.74862,13.1433],[123.74864,13.14329],[123.74867,13.14323],[123.74879,13.1429],[123.74865,13.14285],[123.74841,13.14275],[123.74828,13.14267],[123.74824,13.14264],[123.74822,13.14259],[123.7482,13.14254],[123.74819,13.14247],[123.7482,13.14241],[123.74821,13.14239],[123.74826,13.14224],[123.74846,13.14172],[123.74846,13.14172],[123.74845,13.1417],[123.74844,13.14168],[123.74813,13.1415],[123.74832,13.14112],[123.74814,13.14103],[123.74787,13.14089],[123.74748,13.1407],[123.74737,13.14065],[123.74693,13.14039],[123.74679,13.14032],[123.74672,13.14029],[123.74661,13.14022],[123.7464,13.1401],[123.74625,13.14001],[123.74621,13.13999],[123.74603,13.13988],[123.74534,13.1395],[123.74514,13.1394],[123.74496,13.13931],[123.7449,13.13927],[123.74483,13.13924],[123.74475,13.13922],[123.74466,13.13921],[123.74454,13.13919],[123.74402,13.13911],[123.74393,13.13909],[123.74378,13.13907],[123.74376,13.13906],[123.74364,13.13904],[123.74362,13.13903],[123.74344,13.139],[123.74333,13.13899],[123.74301,13.13894],[123.74231,13.13881],[123.74219,13.13879],[123.74161,13.1387],[123.74156,13.1387],[123.74143,13.13867],[123.7413,13.13866],[123.74119,13.13865],[123.74101,13.13864],[123.74079,13.13863],[123.74048,13.13861],[123.74025,13.1386],[123.73983,13.13858],[123.73971,13.13857],[123.73967,13.13857],[123.73932,13.13856],[123.73912,13.13855],[123.73874,13.13855],[123.73802,13.13854],[123.73778,13.13853],[123.73737,13.13852],[123.73709,13.13853],[123.7371,13.13884],[123.73714,13.13921],[123.73712,13.13926],[123.73707,13.13927],[123.73602,13.13924],[123.73533,13.13922],[123.73499,13.1392],[123.73495,13.13921],[123.73489,13.13922],[123.73479,13.13922],[123.73457,13.13922],[123.73458,13.13965],[123.73457,13.13986],[123.73406,13.13989],[123.73405,13.13952],[123.73404,13.13923],[123.73405,13.13916],[123.73403,13.13912],[123.73401,13.13908],[123.734,13.139],[123.73399,13.13884],[123.73398,13.13865],[123.73394,13.1387],[123.73391,13.13873],[123.73387,13.13875],[123.7338,13.13877],[123.73373,13.13878],[123.73359,13.13878],[123.73342,13.13879],[123.73321,13.13879],[123.73321,13.13922],[123.73322,13.13994],[123.73406,13.13989],[123.73457,13.13986],[123.73457,13.14008],[123.73457,13.14026],[123.73457,13.14048],[123.73456,13.14089],[123.73456,13.14125],[123.73456,13.14133],[123.73456,13.14141],[123.73456,13.14164],[123.73456,13.1417],[123.73456,13.14187],[123.73455,13.14234],[123.73455,13.14245],[123.73455,13.14255],[123.73454,13.14317],[123.73454,13.14329],[123.73454,13.14336],[123.73454,13.1436],[123.73453,13.14409],[123.73454,13.14433],[123.73454,13.14443],[123.73454,13.14447],[123.73454,13.14449],[123.73455,13.14498],[123.73421,13.14496],[123.73414,13.14497],[123.7341,13.14498],[123.73373,13.14523],[123.73349,13.14536],[123.73349,13.14538],[123.7335,13.14541],[123.73357,13.14553],[123.73418,13.14525],[123.73423,13.14523],[123.73442,13.14523],[123.73455,13.14522],[123.73455,13.14514],[123.73455,13.14498],[123.73454,13.14449],[123.73454,13.14447],[123.73454,13.14443],[123.73411,13.14459],[123.73376,13.14473],[123.73368,13.14477],[123.73354,13.14487],[123.7333,13.14502],[123.73317,13.14511],[123.73312,13.14517],[123.73292,13.14536],[123.73278,13.1455],[123.73222,13.14622],[123.73175,13.14679],[123.73174,13.14681],[123.7317,13.14685],[123.73168,13.14687],[123.73161,13.14696],[123.73159,13.14698],[123.73157,13.14698],[123.73154,13.14696],[123.73125,13.1467],[123.731,13.14648],[123.73049,13.14606],[123.73047,13.14605],[123.73017,13.14579],[123.73009,13.14572],[123.73007,13.1457],[123.72991,13.14556],[123.72952,13.14522],[123.72926,13.14499],[123.729,13.14477],[123.72892,13.1447],[123.72874,13.14454],[123.72872,13.14453],[123.72812,13.14402],[123.72763,13.1436],[123.72706,13.14311],[123.72679,13.14331],[123.72625,13.14373],[123.72596,13.14396],[123.72593,13.14399],[123.72556,13.14429],[123.72535,13.14446],[123.72529,13.14451],[123.72486,13.14489],[123.72461,13.14509],[123.7241,13.14548],[123.72381,13.14569],[123.72351,13.14592],[123.72345,13.14597],[123.72308,13.14627],[123.72305,13.1463],[123.72292,13.14641],[123.72279,13.14651],[123.72252,13.14672],[123.72231,13.14689],[123.72189,13.14718],[123.72167,13.14736],[123.72159,13.14742],[123.72136,13.1476],[123.72121,13.14771],[123.72115,13.14775],[123.72107,13.1478],[123.72102,13.14782],[123.72097,13.14784],[123.72089,13.14786],[123.72049,13.14795],[123.72009,13.14804],[123.72002,13.14806],[123.71941,13.14822],[123.71923,13.14827],[123.71873,13.14842],[123.71756,13.14875],[123.71728,13.14881],[123.71713,13.14885],[123.71691,13.14889],[123.71691,13.14905],[123.71678,13.14977],[123.71552,13.14948],[123.71501,13.14937],[123.71477,13.1493],[123.71418,13.14913],[123.71405,13.14909],[123.71398,13.14906],[123.71333,13.14886],[123.7133,13.14885],[123.71323,13.14883],[123.71297,13.14876],[123.71273,13.1487],[123.71251,13.14863],[123.71163,13.14835],[123.71181,13.14821],[123.71168,13.14806]]}},{"type":"Feature","properties":{"key":"puj-first-district:entering","routeId":"puj-first-district","directionId":"entering","label":"PUJs from the First District of Albay — Entering Legazpi City","color":"#2b9ed4","waypointsUsed":13,"waypointsSkipped":[],"distanceMetres":7085,"generatedBy":"scripts/data/build-transport-geometry.js"},"geometry":{"type":"LineString","coordinates":[[123.75389,13.14723],[123.75388,13.14726],[123.75379,13.14751],[123.75373,13.1477],[123.7537,13.14783],[123.75348,13.14856],[123.75384,13.14867],[123.75419,13.1488],[123.75475,13.149],[123.75463,13.14951],[123.75459,13.14968],[123.7545,13.1501],[123.7544,13.15048],[123.75408,13.1504],[123.75375,13.15034],[123.75371,13.15033],[123.75342,13.15026],[123.75301,13.15018],[123.75264,13.1501],[123.75201,13.14996],[123.75205,13.15019],[123.75207,13.15029],[123.75209,13.15038],[123.75217,13.15063],[123.7522,13.15077],[123.75222,13.15091],[123.75222,13.15094],[123.75225,13.15099],[123.75227,13.15112],[123.75225,13.15099],[123.75222,13.15094],[123.75222,13.15091],[123.7522,13.15077],[123.75217,13.15063],[123.75212,13.15046],[123.75209,13.15038],[123.75207,13.15029],[123.75205,13.15019],[123.75201,13.14996],[123.75199,13.14989],[123.75176,13.14891],[123.75171,13.14876],[123.75169,13.14866],[123.75171,13.14857],[123.75175,13.14849],[123.75206,13.14809],[123.7527,13.14734],[123.75276,13.14728],[123.75276,13.14727],[123.75276,13.14725],[123.75276,13.14724],[123.75276,13.14723],[123.75277,13.14722],[123.75278,13.14721],[123.75275,13.14718],[123.75271,13.14712],[123.75265,13.14705],[123.75257,13.14696],[123.75252,13.14686],[123.75249,13.14681],[123.75247,13.14669],[123.75247,13.14655],[123.75248,13.14646],[123.75251,13.14637],[123.75255,13.14623],[123.75259,13.14612],[123.75266,13.14592],[123.75274,13.14569],[123.75284,13.14541],[123.75292,13.14516],[123.75243,13.14503],[123.75242,13.14506],[123.75236,13.14517],[123.7523,13.14523],[123.75218,13.14528],[123.75207,13.14532],[123.75195,13.14535],[123.75179,13.14537],[123.75166,13.14537],[123.75151,13.14535],[123.75139,13.14533],[123.75126,13.14529],[123.75114,13.1455],[123.75098,13.14573],[123.75094,13.14579],[123.75079,13.14603],[123.75076,13.14609],[123.75075,13.14619],[123.75098,13.14624],[123.75102,13.14625],[123.75124,13.14628],[123.7514,13.14632],[123.75154,13.14636],[123.75169,13.14642],[123.75163,13.14656],[123.75162,13.14658],[123.7516,13.14662],[123.75159,13.14663],[123.75158,13.14663],[123.75156,13.14665],[123.75155,13.14667],[123.75153,13.14672],[123.7515,13.14677],[123.75136,13.14703],[123.75136,13.14703],[123.7515,13.14677],[123.75153,13.14672],[123.75155,13.14667],[123.75156,13.14665],[123.75158,13.14663],[123.75159,13.14663],[123.7516,13.14662],[123.75162,13.14658],[123.75163,13.14656],[123.75169,13.14642],[123.75163,13.14639],[123.75154,13.14636],[123.7514,13.14632],[123.75124,13.14628],[123.75102,13.14625],[123.75098,13.14624],[123.75075,13.14619],[123.75056,13.14617],[123.75036,13.14615],[123.75027,13.14613],[123.75003,13.14609],[123.74989,13.14607],[123.74968,13.1461],[123.74964,13.14599],[123.7495,13.14565],[123.74933,13.14532],[123.74911,13.14485],[123.74888,13.14432],[123.74884,13.14426],[123.74878,13.14415],[123.74877,13.14403],[123.74877,13.14398],[123.74878,13.14392],[123.74878,13.14386],[123.74874,13.14386],[123.74863,13.1438],[123.74857,13.14378],[123.7485,13.1438],[123.74838,13.1439],[123.74834,13.14392],[123.74828,13.14392],[123.74789,13.14388],[123.74789,13.14388],[123.74769,13.14385],[123.7476,13.14385],[123.7475,13.14386],[123.74744,13.14387],[123.74736,13.14388],[123.74727,13.14389],[123.74714,13.14388],[123.74699,13.14387],[123.74682,13.14386],[123.74638,13.14382],[123.7462,13.14381],[123.74608,13.1438],[123.74587,13.14377],[123.74569,13.14374],[123.74556,13.14372],[123.74543,13.1437],[123.7453,13.14367],[123.74517,13.14364],[123.74503,13.1436],[123.74506,13.14341],[123.74509,13.14328],[123.74515,13.14323],[123.7452,13.14321],[123.74526,13.1432],[123.74538,13.1432],[123.74565,13.14321],[123.74573,13.14321],[123.74621,13.14324],[123.74635,13.14331],[123.74642,13.14339],[123.74641,13.14349],[123.7464,13.14365],[123.74638,13.14382],[123.7462,13.14381],[123.74608,13.1438],[123.74587,13.14377],[123.74569,13.14374],[123.74556,13.14372],[123.74544,13.1437],[123.74543,13.1437],[123.7453,13.14367],[123.74517,13.14364],[123.74503,13.1436],[123.74489,13.14357],[123.74467,13.14352],[123.7443,13.14347],[123.74402,13.14345],[123.74389,13.14344],[123.74365,13.14343],[123.74366,13.14326],[123.74371,13.14249],[123.74373,13.14202],[123.74375,13.14184],[123.74384,13.14166],[123.7439,13.14153],[123.74392,13.14145],[123.74393,13.14139],[123.74442,13.14137],[123.74439,13.14062],[123.74435,13.14016],[123.74434,13.13992],[123.74432,13.13989],[123.74427,13.13987],[123.74386,13.13988],[123.74388,13.14018],[123.74389,13.14054],[123.74393,13.14139],[123.74392,13.14145],[123.7439,13.14153],[123.74384,13.14166],[123.74383,13.14167],[123.74375,13.14184],[123.74373,13.14202],[123.74371,13.14249],[123.74366,13.14326],[123.74365,13.14343],[123.74365,13.14347],[123.74365,13.14357],[123.74359,13.14444],[123.74358,13.14492],[123.74355,13.14546],[123.74353,13.14568],[123.7435,13.14594],[123.74349,13.14606],[123.74348,13.14625],[123.74348,13.14641],[123.74346,13.14663],[123.74345,13.14672],[123.74344,13.14682],[123.74343,13.1469],[123.74341,13.14698],[123.74339,13.14708],[123.74338,13.14714],[123.74334,13.14732],[123.74332,13.14741],[123.74329,13.14756],[123.74327,13.14766],[123.74324,13.14779],[123.7432,13.14803],[123.74316,13.14819],[123.74312,13.14842],[123.74309,13.14858],[123.74307,13.14868],[123.74306,13.14873],[123.74305,13.14882],[123.74304,13.14895],[123.74304,13.14897],[123.74303,13.14915],[123.74304,13.14937],[123.74304,13.14958],[123.74305,13.14988],[123.74305,13.15017],[123.74305,13.15046],[123.74305,13.15075],[123.74305,13.15096],[123.74307,13.15133],[123.74307,13.15159],[123.74307,13.15182],[123.74306,13.15192],[123.74306,13.15202],[123.74307,13.15211],[123.74307,13.15219],[123.74307,13.15229],[123.74308,13.15242],[123.74309,13.15255],[123.7431,13.15269],[123.74311,13.1528],[123.7431,13.15361],[123.7431,13.15379],[123.74311,13.15395],[123.74311,13.15415],[123.7431,13.15446],[123.7431,13.1546],[123.7431,13.15495],[123.7431,13.15499],[123.74311,13.15529],[123.74221,13.15528],[123.7429,13.15529],[123.74311,13.15529],[123.74312,13.15534],[123.74312,13.15542],[123.74315,13.1559],[123.74337,13.15588],[123.74355,13.15588],[123.74364,13.15588],[123.74367,13.15588],[123.74394,13.15587],[123.74428,13.15587],[123.74453,13.15587],[123.74486,13.15587],[123.74532,13.15589],[123.74538,13.15589],[123.74542,13.15589],[123.74557,13.15589],[123.7463,13.15589],[123.74663,13.15589],[123.74689,13.15587],[123.74694,13.15586],[123.74718,13.15579],[123.74734,13.15575],[123.74843,13.15536],[123.74888,13.1552],[123.74895,13.15518],[123.7492,13.1551],[123.74932,13.15505],[123.74952,13.15498],[123.74959,13.15496],[123.75014,13.15476],[123.7502,13.15474],[123.75052,13.15465],[123.75056,13.15464],[123.75114,13.15454],[123.75119,13.15456],[123.75123,13.15458],[123.75127,13.1546],[123.75129,13.15463],[123.75131,13.15466],[123.75128,13.1549],[123.75127,13.1551],[123.75125,13.15531],[123.75124,13.15543]]}},{"type":"Feature","properties":{"key":"puj-camalig:entering","routeId":"puj-camalig","directionId":"entering","label":"PUJs from Camalig, Albay — From Daraga into Legazpi City and out","color":"#e0483a","waypointsUsed":13,"waypointsSkipped":["U-turn","Elizondo St.","Arquiga St.","Capantawan Rd.","Legazpi City Market (back portion)","Terminal Access Rd."],"distanceMetres":8415,"generatedBy":"scripts/data/build-transport-geometry.js"},"geometry":{"type":"LineString","coordinates":[[123.74846,13.14172],[123.74845,13.1417],[123.74844,13.14168],[123.74813,13.1415],[123.74832,13.14112],[123.74864,13.14128],[123.74888,13.1414],[123.74893,13.14143],[123.74905,13.14148],[123.74909,13.1415],[123.74911,13.1415],[123.74922,13.14154],[123.74935,13.14158],[123.74999,13.14174],[123.75029,13.14182],[123.75044,13.14187],[123.75052,13.14189],[123.75067,13.14193],[123.75077,13.14197],[123.7508,13.14198],[123.75083,13.142],[123.75089,13.14202],[123.75099,13.14207],[123.75117,13.14216],[123.75135,13.14226],[123.7515,13.14236],[123.75155,13.1424],[123.75175,13.14255],[123.75188,13.14266],[123.75198,13.14276],[123.75204,13.14282],[123.75213,13.14293],[123.75223,13.14305],[123.75239,13.1433],[123.75248,13.14344],[123.75254,13.14353],[123.75268,13.14374],[123.75276,13.14388],[123.75281,13.14398],[123.75296,13.14425],[123.75302,13.14438],[123.75304,13.14443],[123.75307,13.14454],[123.75316,13.14456],[123.75321,13.14459],[123.75326,13.14464],[123.7533,13.14468],[123.75341,13.14486],[123.75348,13.14502],[123.75355,13.14524],[123.75362,13.14548],[123.75363,13.1455],[123.75367,13.14569],[123.75368,13.1458],[123.75367,13.14588],[123.75367,13.14597],[123.75366,13.14602],[123.75364,13.14608],[123.75362,13.14612],[123.7536,13.14615],[123.75353,13.14634],[123.75345,13.14655],[123.75366,13.14658],[123.75377,13.14659],[123.75388,13.1466],[123.75409,13.14662],[123.75433,13.14664],[123.75448,13.14665],[123.7547,13.14665],[123.7548,13.14665],[123.75486,13.14665],[123.75494,13.14665],[123.7551,13.14664],[123.75522,13.14663],[123.75527,13.14663],[123.7553,13.14662],[123.75534,13.1466],[123.75536,13.14658],[123.7554,13.14656],[123.75567,13.14631],[123.75574,13.14624],[123.75583,13.14615],[123.75587,13.14611],[123.75589,13.14607],[123.7559,13.14605],[123.75592,13.14602],[123.75593,13.14599],[123.75595,13.14596],[123.75596,13.14591],[123.75607,13.14548],[123.75616,13.14505],[123.75619,13.14494],[123.75621,13.14488],[123.75621,13.14486],[123.75628,13.14471],[123.75635,13.14456],[123.75649,13.1443],[123.75656,13.1442],[123.75662,13.14411],[123.75668,13.14404],[123.75676,13.14396],[123.75684,13.14389],[123.75696,13.14378],[123.75704,13.14371],[123.75735,13.14345],[123.75752,13.14333],[123.7577,13.14323],[123.7577,13.14323],[123.75781,13.14317],[123.75791,13.14312],[123.75801,13.14308],[123.75828,13.14299],[123.7584,13.14297],[123.75853,13.14293],[123.75863,13.14293],[123.75868,13.14294],[123.7587,13.14294],[123.75873,13.14295],[123.7588,13.14297],[123.7588,13.14305],[123.7588,13.14308],[123.75879,13.14312],[123.75879,13.14316],[123.75881,13.14318],[123.75882,13.1432],[123.75884,13.14321],[123.75887,13.14321],[123.75889,13.14322],[123.75891,13.14322],[123.75894,13.1432],[123.75896,13.14318],[123.75908,13.14309],[123.759,13.14305],[123.75892,13.14302],[123.75887,13.143],[123.7588,13.14297],[123.75873,13.14295],[123.7587,13.14294],[123.75868,13.14294],[123.75863,13.14293],[123.75853,13.14293],[123.7584,13.14297],[123.75828,13.14299],[123.75801,13.14308],[123.75791,13.14312],[123.75781,13.14317],[123.7577,13.14323],[123.75752,13.14333],[123.75735,13.14345],[123.75704,13.14371],[123.75696,13.14378],[123.75684,13.14389],[123.75676,13.14396],[123.75683,13.14405],[123.75686,13.1441],[123.75687,13.14413],[123.75687,13.14416],[123.75684,13.14419],[123.75679,13.14425],[123.75673,13.14431],[123.75671,13.14434],[123.75664,13.14443],[123.75655,13.14454],[123.75645,13.14469],[123.75634,13.1449],[123.75631,13.14496],[123.75627,13.14506],[123.75625,13.14517],[123.75623,13.14537],[123.75621,13.14546],[123.75619,13.14552],[123.75612,13.14574],[123.75606,13.14594],[123.75602,13.14606],[123.756,13.14612],[123.75598,13.14617],[123.75596,13.14623],[123.75593,13.14629],[123.75588,13.14638],[123.75576,13.14657],[123.75562,13.1468],[123.75551,13.14697],[123.75541,13.14715],[123.75531,13.14734],[123.75513,13.14772],[123.75497,13.14806],[123.75494,13.14812],[123.75491,13.14822],[123.75483,13.14856],[123.75475,13.149],[123.75463,13.14951],[123.75459,13.14968],[123.7545,13.1501],[123.7544,13.15048],[123.75408,13.1504],[123.75375,13.15034],[123.75371,13.15033],[123.75342,13.15026],[123.75301,13.15018],[123.75264,13.1501],[123.75201,13.14996],[123.75205,13.15019],[123.75207,13.15029],[123.75209,13.15038],[123.75217,13.15063],[123.7522,13.15077],[123.75222,13.15091],[123.75222,13.15094],[123.75225,13.15099],[123.75227,13.15112],[123.75225,13.15099],[123.75222,13.15094],[123.75222,13.15091],[123.7522,13.15077],[123.75217,13.15063],[123.75212,13.15046],[123.75209,13.15038],[123.75207,13.15029],[123.75205,13.15019],[123.75201,13.14996],[123.75199,13.14989],[123.75176,13.14891],[123.75171,13.14876],[123.75169,13.14866],[123.75171,13.14857],[123.75175,13.14849],[123.75206,13.14809],[123.75154,13.14767],[123.75123,13.14742],[123.7511,13.1473],[123.75096,13.14716],[123.75093,13.14711],[123.75091,13.14705],[123.75083,13.14678],[123.75078,13.14656],[123.75075,13.14631],[123.75075,13.14619],[123.75076,13.14609],[123.75079,13.14603],[123.75094,13.14579],[123.75098,13.14573],[123.75114,13.1455],[123.75126,13.14529],[123.75139,13.14533],[123.75151,13.14535],[123.75166,13.14537],[123.75179,13.14537],[123.75195,13.14535],[123.75207,13.14532],[123.75218,13.14528],[123.7523,13.14523],[123.75236,13.14517],[123.75242,13.14506],[123.75243,13.14503],[123.75246,13.14495],[123.75246,13.14488],[123.75247,13.14483],[123.75247,13.14462],[123.75307,13.14454],[123.75316,13.14456],[123.75321,13.14459],[123.75326,13.14464],[123.7533,13.14468],[123.75341,13.14486],[123.75348,13.14502],[123.75355,13.14524],[123.75363,13.1455],[123.75367,13.14569],[123.75368,13.1458],[123.75367,13.14588],[123.75367,13.14597],[123.75366,13.14602],[123.75364,13.14608],[123.75362,13.14612],[123.7536,13.14615],[123.75353,13.14634],[123.75345,13.14655],[123.75332,13.14675],[123.7529,13.1472],[123.75288,13.14722],[123.75289,13.14724],[123.7529,13.14726],[123.7529,13.14729],[123.75289,13.14731],[123.75288,13.14732],[123.75286,13.14733],[123.75284,13.14734],[123.75282,13.14734],[123.7528,13.14733],[123.75278,13.14732],[123.75276,13.1473],[123.75276,13.14728],[123.75276,13.14727],[123.75276,13.14725],[123.75276,13.14724],[123.75276,13.14723],[123.75277,13.14722],[123.75278,13.14721],[123.75275,13.14718],[123.75271,13.14712],[123.75265,13.14705],[123.75257,13.14696],[123.75252,13.14686],[123.75249,13.14681],[123.75247,13.14669],[123.75232,13.14665],[123.75224,13.14663],[123.75179,13.14646],[123.75169,13.14642],[123.75163,13.14639],[123.75154,13.14636],[123.7514,13.14632],[123.75124,13.14628],[123.75102,13.14625],[123.75098,13.14624],[123.75075,13.14619],[123.75056,13.14617],[123.75036,13.14615],[123.75027,13.14613],[123.75003,13.14609],[123.74989,13.14607],[123.74968,13.1461],[123.74964,13.14599],[123.7495,13.14565],[123.74933,13.14532],[123.74911,13.14485],[123.74888,13.14432],[123.74884,13.14426],[123.74878,13.14415],[123.74877,13.14403],[123.74877,13.14398],[123.74878,13.14392],[123.74878,13.14386],[123.74874,13.14386],[123.74863,13.1438],[123.74857,13.14378],[123.7485,13.1438],[123.74838,13.1439],[123.74834,13.14392],[123.74828,13.14392],[123.74789,13.14388],[123.74769,13.14385],[123.7476,13.14385],[123.7475,13.14386],[123.74744,13.14387],[123.74736,13.14388],[123.74727,13.14389],[123.74714,13.14388],[123.74699,13.14387],[123.74682,13.14386],[123.74638,13.14382],[123.7462,13.14381],[123.74608,13.1438],[123.74587,13.14377],[123.74585,13.14397],[123.74582,13.14435],[123.74578,13.14477],[123.74578,13.14482],[123.74576,13.145],[123.74575,13.14509],[123.74575,13.14516],[123.74573,13.1454],[123.74571,13.14567],[123.74569,13.14587],[123.74566,13.14614],[123.74563,13.14642],[123.7455,13.14637],[123.7453,13.14631],[123.74518,13.14625],[123.74507,13.1462],[123.74497,13.14616],[123.74489,13.14614],[123.74481,13.14612],[123.7447,13.14611],[123.74465,13.14611],[123.74457,13.14611],[123.74457,13.14611],[123.74443,13.1461],[123.74432,13.14608],[123.74414,13.14604],[123.74399,13.14602],[123.74376,13.14597],[123.74373,13.14596],[123.74366,13.14595],[123.74359,13.14594],[123.7435,13.14594],[123.74353,13.14568],[123.74355,13.14546],[123.74358,13.14492],[123.74359,13.14444],[123.74365,13.14357],[123.74365,13.14347],[123.74365,13.14343],[123.74389,13.14344],[123.74402,13.14345],[123.7443,13.14347],[123.74467,13.14352],[123.74489,13.14357],[123.74503,13.1436],[123.74517,13.14364],[123.7453,13.14367],[123.74543,13.1437],[123.74556,13.14372],[123.74569,13.14374],[123.74587,13.14377],[123.74608,13.1438],[123.7462,13.14381],[123.74638,13.14382],[123.74682,13.14386],[123.74699,13.14387],[123.74714,13.14388],[123.74727,13.14389],[123.74736,13.14388],[123.74744,13.14387],[123.7475,13.14386],[123.7476,13.14385],[123.74769,13.14385],[123.74828,13.14392],[123.74834,13.14392],[123.74838,13.1439],[123.7485,13.1438],[123.74857,13.14378],[123.74863,13.1438],[123.74874,13.14386],[123.74878,13.14386],[123.74882,13.14385],[123.74889,13.14376],[123.74896,13.14373],[123.74904,13.14371],[123.74911,13.1437],[123.74916,13.14371],[123.74921,13.14374],[123.74925,13.14376],[123.74928,13.14377],[123.7493,13.14377],[123.74932,13.14382],[123.74942,13.14404],[123.74949,13.14418],[123.74969,13.14465],[123.7497,13.14469],[123.75004,13.14538],[123.75022,13.14583],[123.75036,13.14615],[123.75056,13.14617],[123.75075,13.14619],[123.75076,13.14609],[123.75079,13.14603],[123.75094,13.14579],[123.75114,13.1455],[123.75126,13.14529],[123.75112,13.14519],[123.75105,13.14513],[123.75097,13.14503],[123.75085,13.14483],[123.75076,13.14444],[123.75069,13.14432],[123.75062,13.14422],[123.75044,13.14406],[123.75035,13.14398],[123.75002,13.14378],[123.75017,13.14347],[123.75038,13.14303],[123.75052,13.14273],[123.75059,13.14261],[123.75069,13.14241],[123.75089,13.14202],[123.75083,13.142],[123.7508,13.14198],[123.75077,13.14197],[123.75067,13.14193],[123.75052,13.14189],[123.75044,13.14187],[123.75029,13.14182],[123.74999,13.14174],[123.74935,13.14158],[123.74922,13.14154],[123.74911,13.1415],[123.74909,13.1415],[123.74905,13.14148],[123.74893,13.14143],[123.74888,13.1414],[123.74864,13.14128],[123.74832,13.14112],[123.74813,13.1415],[123.74844,13.14168],[123.74845,13.1417],[123.74846,13.14172]]}},{"type":"Feature","properties":{"key":"puj-third-district:entering","routeId":"puj-third-district","directionId":"entering","label":"PUJs from the Third District of Albay — Entering Legazpi City","color":"#a32b22","waypointsUsed":13,"waypointsSkipped":[],"distanceMetres":8216,"generatedBy":"scripts/data/build-transport-geometry.js"},"geometry":{"type":"LineString","coordinates":[[123.74846,13.14172],[123.74845,13.1417],[123.74844,13.14168],[123.74813,13.1415],[123.74832,13.14112],[123.74864,13.14128],[123.74888,13.1414],[123.74893,13.14143],[123.74905,13.14148],[123.74909,13.1415],[123.74911,13.1415],[123.74922,13.14154],[123.74935,13.14158],[123.74999,13.14174],[123.75029,13.14182],[123.75044,13.14187],[123.75052,13.14189],[123.75067,13.14193],[123.75077,13.14197],[123.7508,13.14198],[123.75083,13.142],[123.75089,13.14202],[123.75099,13.14207],[123.75117,13.14216],[123.75135,13.14226],[123.7515,13.14236],[123.75155,13.1424],[123.75175,13.14255],[123.75188,13.14266],[123.75198,13.14276],[123.75204,13.14282],[123.75213,13.14293],[123.75223,13.14305],[123.75239,13.1433],[123.75248,13.14344],[123.75254,13.14353],[123.75268,13.14374],[123.75276,13.14388],[123.75281,13.14398],[123.75296,13.14425],[123.75302,13.14438],[123.75304,13.14443],[123.75307,13.14454],[123.75316,13.14456],[123.75321,13.14459],[123.75326,13.14464],[123.7533,13.14468],[123.75341,13.14486],[123.75348,13.14502],[123.75355,13.14524],[123.75362,13.14548],[123.75363,13.1455],[123.75367,13.14569],[123.75368,13.1458],[123.75367,13.14588],[123.75367,13.14597],[123.75366,13.14602],[123.75364,13.14608],[123.75362,13.14612],[123.7536,13.14615],[123.75353,13.14634],[123.75345,13.14655],[123.75332,13.14675],[123.7529,13.1472],[123.75288,13.14722],[123.75289,13.14724],[123.7529,13.14726],[123.7529,13.14729],[123.75289,13.14731],[123.75288,13.14732],[123.75286,13.14733],[123.75284,13.14734],[123.75282,13.14734],[123.7528,13.14733],[123.75278,13.14732],[123.75276,13.1473],[123.75276,13.14728],[123.75276,13.14727],[123.75276,13.14725],[123.75276,13.14724],[123.75276,13.14723],[123.75277,13.14722],[123.75278,13.14721],[123.75275,13.14718],[123.75271,13.14712],[123.75265,13.14705],[123.75257,13.14696],[123.75252,13.14686],[123.75249,13.14681],[123.75247,13.14669],[123.75247,13.14655],[123.75248,13.14646],[123.75251,13.14637],[123.75255,13.14623],[123.75259,13.14612],[123.75266,13.14592],[123.75274,13.14569],[123.75284,13.14541],[123.75292,13.14516],[123.75293,13.14513],[123.75297,13.14503],[123.75246,13.14488],[123.75247,13.14483],[123.75247,13.14462],[123.75245,13.14447],[123.75242,13.14437],[123.75237,13.14427],[123.75199,13.14449],[123.75176,13.14467],[123.75173,13.14469],[123.75157,13.14483],[123.75137,13.145],[123.7513,13.14512],[123.75127,13.14521],[123.75126,13.14529],[123.75114,13.1455],[123.75094,13.14579],[123.75079,13.14603],[123.75076,13.14609],[123.75075,13.14619],[123.75098,13.14624],[123.75102,13.14625],[123.75124,13.14628],[123.7514,13.14632],[123.75154,13.14636],[123.75169,13.14642],[123.75163,13.14656],[123.75162,13.14658],[123.7516,13.14662],[123.75159,13.14663],[123.75158,13.14663],[123.75156,13.14665],[123.75155,13.14667],[123.75153,13.14672],[123.7515,13.14677],[123.75136,13.14703],[123.75136,13.14703],[123.7515,13.14677],[123.75153,13.14672],[123.75155,13.14667],[123.75156,13.14665],[123.75158,13.14663],[123.75159,13.14663],[123.7516,13.14662],[123.75162,13.14658],[123.75163,13.14656],[123.75169,13.14642],[123.75163,13.14639],[123.75154,13.14636],[123.7514,13.14632],[123.75124,13.14628],[123.75102,13.14625],[123.75098,13.14624],[123.75075,13.14619],[123.75056,13.14617],[123.75036,13.14615],[123.75027,13.14613],[123.75003,13.14609],[123.74989,13.14607],[123.74968,13.1461],[123.74964,13.14599],[123.7495,13.14565],[123.74933,13.14532],[123.74911,13.14485],[123.74888,13.14432],[123.74884,13.14426],[123.74878,13.14415],[123.74877,13.14403],[123.74877,13.14398],[123.74878,13.14392],[123.74878,13.14386],[123.74874,13.14386],[123.74863,13.1438],[123.74857,13.14378],[123.7485,13.1438],[123.74838,13.1439],[123.74834,13.14392],[123.74828,13.14392],[123.74789,13.14388],[123.74789,13.14388],[123.74769,13.14385],[123.7476,13.14385],[123.7475,13.14386],[123.74744,13.14387],[123.74736,13.14388],[123.74727,13.14389],[123.74714,13.14388],[123.74699,13.14387],[123.74682,13.14386],[123.74638,13.14382],[123.7462,13.14381],[123.74608,13.1438],[123.74587,13.14377],[123.74569,13.14374],[123.74556,13.14372],[123.74543,13.1437],[123.7453,13.14367],[123.74517,13.14364],[123.74503,13.1436],[123.74506,13.14341],[123.74509,13.14328],[123.74515,13.14323],[123.7452,13.14321],[123.74526,13.1432],[123.74538,13.1432],[123.74565,13.14321],[123.74573,13.14321],[123.74621,13.14324],[123.74635,13.14331],[123.74642,13.14339],[123.74641,13.14349],[123.7464,13.14365],[123.74638,13.14382],[123.7462,13.14381],[123.74608,13.1438],[123.74587,13.14377],[123.74569,13.14374],[123.74556,13.14372],[123.74544,13.1437],[123.74543,13.1437],[123.7453,13.14367],[123.74517,13.14364],[123.74503,13.1436],[123.74489,13.14357],[123.74467,13.14352],[123.7443,13.14347],[123.74402,13.14345],[123.74389,13.14344],[123.74365,13.14343],[123.74366,13.14326],[123.74371,13.14249],[123.74373,13.14202],[123.74375,13.14184],[123.74384,13.14166],[123.7439,13.14153],[123.74392,13.14145],[123.74393,13.14139],[123.74442,13.14137],[123.74439,13.14062],[123.74435,13.14016],[123.74434,13.13992],[123.74432,13.13989],[123.74427,13.13987],[123.74386,13.13988],[123.74388,13.14018],[123.74389,13.14054],[123.74393,13.14139],[123.74392,13.14145],[123.7439,13.14153],[123.74384,13.14166],[123.74383,13.14167],[123.74375,13.14184],[123.74373,13.14202],[123.74371,13.14249],[123.74366,13.14326],[123.74365,13.14343],[123.74365,13.14347],[123.74365,13.14357],[123.74359,13.14444],[123.74358,13.14492],[123.74355,13.14546],[123.74353,13.14568],[123.7435,13.14594],[123.74349,13.14606],[123.74348,13.14625],[123.74348,13.14641],[123.74346,13.14663],[123.74345,13.14672],[123.74344,13.14682],[123.74343,13.1469],[123.74341,13.14698],[123.74339,13.14708],[123.74338,13.14714],[123.74334,13.14732],[123.74332,13.14741],[123.74329,13.14756],[123.74327,13.14766],[123.74324,13.14779],[123.7432,13.14803],[123.74316,13.14819],[123.74312,13.14842],[123.74309,13.14858],[123.74307,13.14868],[123.74306,13.14873],[123.74305,13.14882],[123.74304,13.14895],[123.74304,13.14897],[123.74303,13.14915],[123.74304,13.14937],[123.74304,13.14958],[123.74305,13.14988],[123.74305,13.15017],[123.74305,13.15046],[123.74305,13.15075],[123.74305,13.15096],[123.74307,13.15133],[123.74307,13.15159],[123.74307,13.15182],[123.74306,13.15192],[123.74306,13.15202],[123.74307,13.15211],[123.74307,13.15219],[123.74307,13.15229],[123.74308,13.15242],[123.74309,13.15255],[123.7431,13.15269],[123.74311,13.1528],[123.7431,13.15361],[123.7431,13.15379],[123.74311,13.15395],[123.74311,13.15415],[123.7431,13.15446],[123.7431,13.1546],[123.7431,13.15495],[123.7431,13.15499],[123.74311,13.15529],[123.74221,13.15528],[123.7429,13.15529],[123.74311,13.15529],[123.74312,13.15534],[123.74312,13.15542],[123.74315,13.1559],[123.74337,13.15588],[123.74355,13.15588],[123.74364,13.15588],[123.74367,13.15588],[123.74394,13.15587],[123.74428,13.15587],[123.74453,13.15587],[123.74486,13.15587],[123.74532,13.15589],[123.74538,13.15589],[123.74542,13.15589],[123.74557,13.15589],[123.7463,13.15589],[123.74663,13.15589],[123.74689,13.15587],[123.74694,13.15586],[123.74718,13.15579],[123.74719,13.15569],[123.74719,13.15558],[123.74719,13.15542],[123.74686,13.15552],[123.74683,13.15553],[123.74681,13.15553],[123.74678,13.1555],[123.74673,13.15544],[123.74671,13.15541],[123.74671,13.15538],[123.74672,13.15535],[123.74688,13.15527],[123.74672,13.15535],[123.74671,13.15538],[123.74671,13.15541],[123.74673,13.15544],[123.74678,13.1555],[123.74681,13.15553],[123.74683,13.15553],[123.74686,13.15552],[123.74719,13.15542],[123.74719,13.15558],[123.74718,13.15579],[123.74694,13.15586],[123.74707,13.15615],[123.74717,13.15635],[123.74727,13.15655],[123.74735,13.1567],[123.74739,13.15678],[123.74741,13.15688],[123.7474,13.15715],[123.74739,13.15728],[123.74737,13.15739],[123.74728,13.15753],[123.74719,13.15765],[123.74715,13.15775],[123.74714,13.15788],[123.74712,13.15808],[123.7471,13.15895],[123.74707,13.15957],[123.74706,13.16004],[123.74706,13.16042],[123.74707,13.16054],[123.74702,13.16057],[123.74701,13.16062],[123.747,13.16071],[123.74698,13.1614],[123.74697,13.16168],[123.74697,13.16177],[123.74695,13.16184],[123.74692,13.1619],[123.74687,13.16195],[123.7468,13.16199],[123.74671,13.16202],[123.74598,13.16216],[123.74563,13.16222],[123.74539,13.16228],[123.74501,13.1624],[123.74484,13.16247],[123.74465,13.16257],[123.74451,13.16266],[123.7445,13.16249],[123.74449,13.1624],[123.74445,13.16226],[123.7444,13.16206],[123.74439,13.16198],[123.7444,13.16192],[123.7444,13.16187],[123.74441,13.16183],[123.74442,13.16181],[123.74455,13.16172],[123.74452,13.16168],[123.74448,13.16166],[123.74441,13.16164],[123.74434,13.16162],[123.74428,13.16156],[123.74407,13.16126],[123.74387,13.16101],[123.74385,13.16097],[123.74384,13.16093],[123.74383,13.16071],[123.74386,13.16028],[123.74313,13.16003],[123.74304,13.15999],[123.74302,13.16002],[123.74269,13.16033],[123.74266,13.16037],[123.74237,13.16085],[123.74232,13.16089]]}},{"type":"Feature","properties":{"key":"puj-polangui:inbound","routeId":"puj-polangui","directionId":"inbound","label":"PUJs from Polangui (Third District) — From Polangui to Legazpi City","color":"#111111","waypointsUsed":12,"waypointsSkipped":["AH 26","Oas Proper (National Highway)","AH 26","Ligao City Proper (National Highway)","AH 26","AH 26","Gov. Forbes St."],"distanceMetres":43950,"generatedBy":"scripts/data/build-transport-geometry.js"},"geometry":{"type":"LineString","coordinates":[[123.49062,13.28979],[123.49063,13.28949],[123.49063,13.28936],[123.49063,13.28904],[123.49063,13.28879],[123.49064,13.2884],[123.49066,13.28809],[123.49066,13.28768],[123.49065,13.28749],[123.49068,13.28731],[123.4907,13.28716],[123.49074,13.28683],[123.49078,13.28666],[123.49081,13.28647],[123.49094,13.28596],[123.49112,13.28517],[123.49119,13.2849],[123.49151,13.28341],[123.49155,13.28317],[123.49171,13.28233],[123.49207,13.28083],[123.49214,13.28012],[123.49214,13.27907],[123.49214,13.27828],[123.49213,13.27777],[123.49213,13.27748],[123.49213,13.27706],[123.4921,13.27551],[123.49209,13.27527],[123.49216,13.27471],[123.49229,13.27425],[123.49379,13.27051],[123.49516,13.26682],[123.4952,13.2667],[123.49524,13.26661],[123.49526,13.26654],[123.49579,13.26508],[123.49631,13.26364],[123.49667,13.26264],[123.49671,13.26255],[123.49687,13.26217],[123.49713,13.26183],[123.49725,13.2617],[123.49749,13.2615],[123.49775,13.26133],[123.49943,13.26037],[123.49987,13.26009],[123.50136,13.25917],[123.50183,13.2589],[123.50243,13.25853],[123.50272,13.25837],[123.50343,13.25797],[123.50466,13.25743],[123.50544,13.25712],[123.50583,13.25694],[123.50616,13.25674],[123.5063,13.25662],[123.50636,13.25657],[123.50648,13.25646],[123.50661,13.25629],[123.5067,13.25616],[123.50678,13.25603],[123.50688,13.25579],[123.50707,13.25524],[123.50727,13.25463],[123.50732,13.2545],[123.50745,13.2542],[123.50761,13.25393],[123.50781,13.25369],[123.50803,13.25347],[123.50837,13.25323],[123.51173,13.25141],[123.51268,13.25091],[123.51305,13.25072],[123.51361,13.25041],[123.5138,13.25031],[123.51507,13.24963],[123.51597,13.24915],[123.51787,13.24811],[123.51931,13.24732],[123.52055,13.24666],[123.52231,13.2457],[123.52391,13.24485],[123.5251,13.24426],[123.52552,13.24405],[123.52579,13.24393],[123.5269,13.24344],[123.52753,13.24317],[123.52787,13.24301],[123.5281,13.24288],[123.52824,13.2428],[123.52831,13.24275],[123.52854,13.24253],[123.52982,13.2412],[123.53033,13.24066],[123.53093,13.24003],[123.53125,13.23969],[123.53216,13.23872],[123.53291,13.23794],[123.53325,13.23756],[123.53341,13.2374],[123.53357,13.23728],[123.53377,13.23716],[123.53395,13.23707],[123.53406,13.23703],[123.5342,13.23699],[123.53434,13.23695],[123.53451,13.23692],[123.53494,13.2369],[123.53514,13.23691],[123.53589,13.23695],[123.53945,13.2371],[123.54044,13.23715],[123.54198,13.23719],[123.54265,13.23722],[123.54336,13.23725],[123.54468,13.23731],[123.54561,13.23733],[123.54616,13.23737],[123.54735,13.23743],[123.5477,13.23746],[123.54931,13.23752],[123.54966,13.23753],[123.55136,13.23761],[123.55153,13.23761],[123.55334,13.23771],[123.55618,13.23782],[123.5566,13.23784],[123.55726,13.23789],[123.55768,13.23791],[123.55998,13.23799],[123.56034,13.23797],[123.56068,13.23788],[123.56091,13.2378],[123.56112,13.23769],[123.56128,13.23757],[123.56143,13.23744],[123.56158,13.2373],[123.56174,13.23712],[123.56193,13.23689],[123.56196,13.23685],[123.56221,13.23654],[123.56261,13.23607],[123.56301,13.23561],[123.56327,13.23531],[123.56389,13.23475],[123.56474,13.23405],[123.56482,13.23399],[123.56577,13.23329],[123.56684,13.23245],[123.56704,13.2323],[123.56748,13.23195],[123.56783,13.23156],[123.56799,13.2313],[123.56814,13.231],[123.56825,13.23055],[123.56853,13.22839],[123.56867,13.22766],[123.56872,13.22751],[123.56913,13.22659],[123.56934,13.22611],[123.56963,13.22547],[123.56978,13.22509],[123.56998,13.22471],[123.57033,13.22413],[123.57063,13.2237],[123.57109,13.22298],[123.5713,13.22261],[123.57145,13.22232],[123.5716,13.22201],[123.57176,13.22165],[123.57188,13.22131],[123.57197,13.22108],[123.57217,13.22051],[123.57274,13.21888],[123.57343,13.21694],[123.57356,13.2166],[123.57367,13.21639],[123.57378,13.21619],[123.57385,13.21607],[123.57393,13.21593],[123.5742,13.21562],[123.57448,13.21534],[123.57477,13.21504],[123.57533,13.21443],[123.57609,13.21364],[123.57615,13.21358],[123.57659,13.2131],[123.57683,13.21285],[123.57756,13.21207],[123.57797,13.21164],[123.57847,13.21111],[123.57905,13.21049],[123.57957,13.20994],[123.57984,13.2096],[123.57997,13.20939],[123.58008,13.20917],[123.58013,13.20905],[123.5804,13.20844],[123.58052,13.20821],[123.58069,13.20795],[123.58098,13.2076],[123.58132,13.20721],[123.58191,13.20652],[123.58207,13.20633],[123.58213,13.20626],[123.58216,13.20623],[123.5822,13.20618],[123.5825,13.20582],[123.58254,13.20578],[123.58278,13.2055],[123.58281,13.20547],[123.58291,13.20535],[123.58303,13.20521],[123.58322,13.20501],[123.58338,13.20485],[123.58364,13.20461],[123.58384,13.20445],[123.58417,13.20421],[123.58447,13.20401],[123.58481,13.20381],[123.58501,13.2037],[123.58538,13.20349],[123.5861,13.20308],[123.58662,13.20279],[123.58715,13.20247],[123.58768,13.20218],[123.58805,13.20199],[123.58829,13.20185],[123.58841,13.20178],[123.58886,13.20153],[123.58911,13.20139],[123.58938,13.20123],[123.58966,13.20108],[123.58987,13.20093],[123.59004,13.2008],[123.5902,13.20064],[123.59037,13.20047],[123.59043,13.2004],[123.5905,13.2003],[123.59061,13.20012],[123.59073,13.19988],[123.59084,13.19958],[123.59093,13.19931],[123.59101,13.19908],[123.59112,13.19867],[123.59124,13.19825],[123.59132,13.19798],[123.59138,13.19783],[123.59146,13.19766],[123.59163,13.19738],[123.59181,13.19712],[123.59225,13.19648],[123.59252,13.19612],[123.59261,13.196],[123.59271,13.19589],[123.59284,13.19576],[123.59298,13.19565],[123.59311,13.19556],[123.59324,13.19549],[123.59341,13.19541],[123.59349,13.19538],[123.59365,13.19534],[123.5938,13.19531],[123.59393,13.1953],[123.59404,13.19529],[123.59438,13.19527],[123.59467,13.19527],[123.59515,13.19526],[123.59534,13.19524],[123.59548,13.19521],[123.59555,13.19517],[123.59564,13.19509],[123.59589,13.19487],[123.59617,13.19462],[123.5966,13.19424],[123.59733,13.1936],[123.59759,13.19336],[123.59793,13.19307],[123.59828,13.19276],[123.59857,13.19251],[123.59894,13.19221],[123.59928,13.19193],[123.59934,13.19188],[123.59938,13.19185],[123.59965,13.19166],[123.59983,13.19154],[123.60033,13.19119],[123.60042,13.19112],[123.60055,13.19102],[123.60081,13.19086],[123.60093,13.19081],[123.60112,13.19074],[123.60131,13.19067],[123.60159,13.19056],[123.602,13.19037],[123.60208,13.19034],[123.60275,13.18999],[123.60288,13.18992],[123.60323,13.18975],[123.60345,13.18964],[123.60368,13.18949],[123.60381,13.18937],[123.60389,13.18922],[123.60392,13.1891],[123.60392,13.18893],[123.60391,13.1888],[123.60388,13.18845],[123.60389,13.18829],[123.60391,13.18821],[123.60399,13.18806],[123.60406,13.18795],[123.60412,13.18783],[123.6042,13.18776],[123.60428,13.18773],[123.6044,13.18772],[123.60449,13.18774],[123.60503,13.18791],[123.60551,13.18811],[123.60568,13.18817],[123.60578,13.18821],[123.60597,13.18829],[123.60631,13.18842],[123.60646,13.18847],[123.6066,13.18849],[123.60675,13.1885],[123.60695,13.1885],[123.60727,13.1885],[123.60759,13.18852],[123.60773,13.18853],[123.60811,13.18856],[123.60837,13.18858],[123.60855,13.18861],[123.60869,13.1886],[123.60884,13.1886],[123.60913,13.18863],[123.60933,13.18864],[123.6095,13.18865],[123.60969,13.18866],[123.60976,13.18867],[123.60996,13.18868],[123.61028,13.1887],[123.61098,13.18874],[123.61107,13.18875],[123.61127,13.18876],[123.61152,13.18877],[123.61168,13.18878],[123.61186,13.18877],[123.61214,13.18877],[123.61272,13.18876],[123.61278,13.18876],[123.61294,13.18876],[123.61346,13.18877],[123.61384,13.18874],[123.614,13.18873],[123.6141,13.18873],[123.61443,13.18869],[123.6145,13.18869],[123.61515,13.18864],[123.61573,13.1886],[123.61637,13.18854],[123.61654,13.18853],[123.61696,13.18849],[123.61708,13.18848],[123.61745,13.18843],[123.61792,13.18837],[123.61806,13.18835],[123.61939,13.18822],[123.61956,13.18818],[123.61975,13.18813],[123.61982,13.1881],[123.61997,13.18804],[123.62011,13.18797],[123.62032,13.18785],[123.62057,13.18768],[123.62076,13.18756],[123.62095,13.18744],[123.62117,13.18732],[123.62138,13.18723],[123.62157,13.18715],[123.62162,13.18713],[123.62165,13.18712],[123.62186,13.18701],[123.62204,13.18693],[123.62219,13.18688],[123.62256,13.18674],[123.6236,13.18637],[123.62583,13.18562],[123.62639,13.18539],[123.62651,13.18534],[123.62677,13.18523],[123.628,13.18465],[123.62884,13.18426],[123.63094,13.18317],[123.63404,13.18145],[123.63528,13.18076],[123.6354,13.1807],[123.63629,13.18021],[123.63644,13.18013],[123.63732,13.17959],[123.63751,13.17948],[123.63758,13.17944],[123.63825,13.17909],[123.63857,13.17895],[123.63892,13.1788],[123.63943,13.1786],[123.63953,13.17857],[123.6399,13.17846],[123.63998,13.17843],[123.6406,13.17828],[123.64121,13.17819],[123.64191,13.17811],[123.64204,13.1781],[123.64279,13.17803],[123.64314,13.17801],[123.64346,13.17798],[123.64384,13.17795],[123.6441,13.17793],[123.64421,13.17792],[123.64493,13.17786],[123.64579,13.17779],[123.64596,13.17777],[123.64602,13.17777],[123.64697,13.17774],[123.64712,13.17774],[123.64762,13.17773],[123.64795,13.17773],[123.64832,13.17773],[123.65068,13.17772],[123.65124,13.17772],[123.65143,13.17772],[123.65174,13.17771],[123.65184,13.17775],[123.65193,13.1778],[123.65205,13.17789],[123.65217,13.17798],[123.65222,13.17802],[123.6524,13.17816],[123.6527,13.17844],[123.65312,13.17879],[123.65344,13.17908],[123.6535,13.17913],[123.65389,13.17947],[123.65433,13.17984],[123.6544,13.1799],[123.6547,13.18015],[123.65515,13.18051],[123.65523,13.18058],[123.65529,13.18067],[123.65538,13.18084],[123.65542,13.18092],[123.65563,13.18134],[123.65585,13.18179],[123.65604,13.1822],[123.65621,13.18256],[123.65625,13.18265],[123.65657,13.18328],[123.65677,13.18369],[123.65699,13.18412],[123.65707,13.18426],[123.65728,13.18463],[123.65749,13.18509],[123.65752,13.18515],[123.65782,13.18562],[123.65793,13.18576],[123.65812,13.18598],[123.65829,13.18612],[123.65833,13.18615],[123.65845,13.18626],[123.65863,13.18637],[123.65898,13.18657],[123.65933,13.18677],[123.66005,13.18715],[123.66032,13.18732],[123.66068,13.18751],[123.66113,13.18777],[123.66143,13.18791],[123.66161,13.18797],[123.66195,13.18805],[123.66227,13.18807],[123.66257,13.18805],[123.66277,13.18801],[123.66284,13.18799],[123.66312,13.18791],[123.66325,13.18787],[123.66416,13.18758],[123.66434,13.18751],[123.66446,13.18746],[123.66491,13.1873],[123.66528,13.18712],[123.66539,13.18707],[123.66542,13.18705],[123.66571,13.18687],[123.66593,13.18672],[123.66631,13.18647],[123.66721,13.18587],[123.66737,13.18577],[123.6675,13.18568],[123.66756,13.18564],[123.66774,13.18552],[123.66777,13.1855],[123.66804,13.18532],[123.66847,13.18503],[123.66852,13.185],[123.66878,13.18482],[123.66885,13.18478],[123.66928,13.1845],[123.67017,13.1839],[123.67033,13.18379],[123.67094,13.18338],[123.67141,13.18306],[123.67152,13.18299],[123.67181,13.18281],[123.67204,13.1827],[123.67239,13.18254],[123.67287,13.18236],[123.67327,13.18221],[123.67342,13.18215],[123.67378,13.18202],[123.67397,13.18195],[123.6743,13.18183],[123.67454,13.18174],[123.67486,13.18159],[123.675,13.18152],[123.67522,13.18141],[123.67538,13.18131],[123.6757,13.18111],[123.67597,13.1809],[123.67606,13.18083],[123.6764,13.1805],[123.67657,13.18032],[123.6769,13.1799],[123.67705,13.1797],[123.67721,13.17947],[123.67746,13.17918],[123.6775,13.17913],[123.6779,13.17862],[123.67855,13.17775],[123.67889,13.17731],[123.679,13.17717],[123.67915,13.17698],[123.67929,13.17679],[123.67981,13.17615],[123.67994,13.17598],[123.68002,13.17588],[123.68014,13.1757],[123.6803,13.17546],[123.68038,13.17534],[123.6806,13.17498],[123.68071,13.1748],[123.68084,13.17457],[123.68092,13.17445],[123.68099,13.17432],[123.68115,13.17402],[123.68119,13.17395],[123.68131,13.17373],[123.68143,13.17353],[123.68152,13.17336],[123.68168,13.17307],[123.68196,13.17254],[123.68201,13.17246],[123.68213,13.17229],[123.68222,13.1722],[123.68231,13.17215],[123.68237,13.17211],[123.68244,13.17209],[123.68251,13.17207],[123.68259,13.17207],[123.68262,13.17207],[123.68266,13.17207],[123.68273,13.17208],[123.68281,13.17211],[123.68287,13.17214],[123.68295,13.1722],[123.68301,13.17226],[123.68313,13.17242],[123.68321,13.17256],[123.68362,13.1733],[123.68395,13.17388],[123.68404,13.17403],[123.68419,13.17413],[123.68433,13.17419],[123.68447,13.17421],[123.68465,13.17421],[123.68485,13.17417],[123.6852,13.17403],[123.686,13.17369],[123.68648,13.17351],[123.68741,13.17319],[123.68768,13.17307],[123.68805,13.17288],[123.68891,13.17233],[123.68968,13.17186],[123.68972,13.17183],[123.68983,13.17175],[123.68998,13.17162],[123.69009,13.17151],[123.69115,13.17031],[123.69179,13.16959],[123.69331,13.16789],[123.69402,13.1671],[123.69403,13.16709],[123.69413,13.16697],[123.69483,13.1662],[123.69504,13.16596],[123.69525,13.16573],[123.69535,13.16562],[123.69636,13.16449],[123.69651,13.16433],[123.69659,13.16424],[123.69689,13.16388],[123.69723,13.16338],[123.6975,13.16303],[123.69755,13.16296],[123.69771,13.16282],[123.69809,13.16256],[123.69816,13.16252],[123.69821,13.16249],[123.69833,13.16248],[123.69901,13.16222],[123.69915,13.16215],[123.69924,13.16207],[123.69936,13.16197],[123.69947,13.16188],[123.69958,13.16177],[123.69961,13.16172],[123.69971,13.1616],[123.69992,13.1613],[123.70031,13.1607],[123.70032,13.16068],[123.70041,13.16055],[123.70052,13.16041],[123.70062,13.16028],[123.70076,13.16012],[123.70087,13.16001],[123.70103,13.1599],[123.70123,13.15976],[123.7013,13.15972],[123.70137,13.15967],[123.70156,13.15956],[123.7016,13.15953],[123.70194,13.15935],[123.70212,13.15927],[123.70231,13.15922],[123.70276,13.15915],[123.70292,13.15912],[123.70351,13.15904],[123.70359,13.15903],[123.70386,13.15898],[123.704,13.15893],[123.70411,13.15887],[123.70423,13.15878],[123.70435,13.15865],[123.70452,13.15843],[123.70493,13.15794],[123.70502,13.15787],[123.70509,13.15782],[123.70521,13.15778],[123.70536,13.15775],[123.70572,13.15774],[123.70625,13.15772],[123.70639,13.1577],[123.70649,13.15766],[123.70656,13.15762],[123.70664,13.15756],[123.70702,13.15727],[123.70731,13.15708],[123.70757,13.15697],[123.70791,13.15684],[123.70815,13.15675],[123.70843,13.15664],[123.70872,13.15653],[123.70914,13.15637],[123.70936,13.15626],[123.70953,13.15617],[123.70964,13.1561],[123.7097,13.15605],[123.70976,13.156],[123.70985,13.15592],[123.71014,13.15562],[123.71043,13.15529],[123.71114,13.15449],[123.71115,13.1542],[123.71115,13.15383],[123.71115,13.15374],[123.71118,13.15292],[123.71119,13.15284],[123.71121,13.15267],[123.71122,13.15214],[123.7112,13.15188],[123.7112,13.15186],[123.71116,13.15158],[123.71115,13.15149],[123.7111,13.15104],[123.71107,13.15091],[123.71103,13.1506],[123.71102,13.15045],[123.71102,13.15028],[123.71103,13.14993],[123.71105,13.14949],[123.71107,13.14914],[123.71108,13.14905],[123.71111,13.14895],[123.71124,13.14869],[123.71128,13.14864],[123.71134,13.14856],[123.71139,13.14852],[123.71163,13.14835],[123.71181,13.14821],[123.71189,13.14815],[123.71196,13.1481],[123.712,13.14805],[123.71208,13.14805],[123.71213,13.14805],[123.71222,13.14804],[123.71227,13.14804],[123.71229,13.14805],[123.71243,13.1481],[123.71252,13.1481],[123.71268,13.14815],[123.71307,13.14829],[123.71345,13.14842],[123.71412,13.14864],[123.7142,13.14868],[123.7144,13.14876],[123.71508,13.14899],[123.71518,13.149],[123.71538,13.14899],[123.71599,13.14895],[123.71691,13.14889],[123.71713,13.14885],[123.71728,13.14881],[123.71756,13.14875],[123.71873,13.14842],[123.71923,13.14827],[123.71941,13.14822],[123.72002,13.14806],[123.72009,13.14804],[123.72049,13.14795],[123.72089,13.14786],[123.72097,13.14784],[123.72102,13.14782],[123.72107,13.1478],[123.72115,13.14775],[123.72121,13.14771],[123.72136,13.1476],[123.72159,13.14742],[123.72167,13.14736],[123.72189,13.14718],[123.72231,13.14689],[123.72252,13.14672],[123.72279,13.14651],[123.72292,13.14641],[123.72305,13.1463],[123.72308,13.14627],[123.72345,13.14597],[123.72351,13.14592],[123.72381,13.14569],[123.7241,13.14548],[123.72461,13.14509],[123.72486,13.14489],[123.72529,13.14451],[123.72535,13.14446],[123.72556,13.14429],[123.72593,13.14399],[123.72596,13.14396],[123.72625,13.14373],[123.72679,13.14331],[123.72706,13.14311],[123.72727,13.14297],[123.72778,13.14269],[123.72821,13.14245],[123.72845,13.14231],[123.72854,13.14225],[123.72859,13.14222],[123.72862,13.1422],[123.72866,13.14216],[123.72886,13.14197],[123.72898,13.14184],[123.72919,13.14159],[123.72923,13.14154],[123.72938,13.14136],[123.72976,13.1409],[123.72992,13.14074],[123.73004,13.14062],[123.73013,13.14051],[123.73028,13.14038],[123.73036,13.1403],[123.73053,13.14016],[123.73072,13.14002],[123.73096,13.13983],[123.73123,13.13965],[123.73125,13.13963],[123.73137,13.13955],[123.73152,13.13945],[123.73159,13.13941],[123.73178,13.13931],[123.73239,13.13903],[123.73261,13.13891],[123.73269,13.13886],[123.73275,13.13883],[123.73279,13.13882],[123.73285,13.1388],[123.73297,13.1388],[123.73309,13.13879],[123.73321,13.13879],[123.73359,13.13878],[123.73373,13.13878],[123.7338,13.13877],[123.73387,13.13875],[123.73391,13.13873],[123.73394,13.1387],[123.73398,13.13865],[123.73404,13.13858],[123.73409,13.13854],[123.73414,13.13851],[123.73421,13.13849],[123.73426,13.13848],[123.73434,13.13847],[123.73461,13.13848],[123.73485,13.13848],[123.73515,13.1385],[123.73534,13.1385],[123.7357,13.13851],[123.73599,13.13851],[123.73606,13.13852],[123.73613,13.13852],[123.73643,13.13852],[123.73664,13.13853],[123.73709,13.13853],[123.73737,13.13852],[123.73778,13.13853],[123.73802,13.13854],[123.73874,13.13855],[123.73912,13.13855],[123.73932,13.13856],[123.73967,13.13857],[123.73971,13.13857],[123.73983,13.13858],[123.74025,13.1386],[123.74048,13.13861],[123.74079,13.13863],[123.74101,13.13864],[123.74119,13.13865],[123.7413,13.13866],[123.74143,13.13867],[123.74156,13.1387],[123.74161,13.1387],[123.74219,13.13879],[123.74231,13.13881],[123.74301,13.13894],[123.74333,13.13899],[123.74344,13.139],[123.74362,13.13903],[123.74364,13.13904],[123.74376,13.13906],[123.74378,13.13907],[123.74393,13.13909],[123.74402,13.13911],[123.74454,13.13919],[123.74466,13.13921],[123.74475,13.13922],[123.74483,13.13924],[123.7449,13.13927],[123.74496,13.13931],[123.74514,13.1394],[123.74534,13.1395],[123.74603,13.13988],[123.74621,13.13999],[123.74625,13.14001],[123.7464,13.1401],[123.74661,13.14022],[123.74672,13.14029],[123.74679,13.14032],[123.74693,13.14039],[123.74737,13.14065],[123.74748,13.1407],[123.74787,13.14089],[123.74814,13.14103],[123.74832,13.14112],[123.74864,13.14128],[123.74888,13.1414],[123.74893,13.14143],[123.74905,13.14148],[123.74909,13.1415],[123.74911,13.1415],[123.74922,13.14154],[123.74935,13.14158],[123.74999,13.14174],[123.75029,13.14182],[123.75044,13.14187],[123.75052,13.14189],[123.75067,13.14193],[123.75077,13.14197],[123.7508,13.14198],[123.75083,13.142],[123.75089,13.14202],[123.75099,13.14207],[123.75117,13.14216],[123.75135,13.14226],[123.7515,13.14236],[123.75155,13.1424],[123.75175,13.14255],[123.75188,13.14266],[123.75198,13.14276],[123.75204,13.14282],[123.75213,13.14293],[123.75223,13.14305],[123.75239,13.1433],[123.75248,13.14344],[123.75254,13.14353],[123.75268,13.14374],[123.75276,13.14388],[123.75281,13.14398],[123.75296,13.14425],[123.75302,13.14438],[123.75304,13.14443],[123.75307,13.14454],[123.75316,13.14456],[123.75321,13.14459],[123.75326,13.14464],[123.7533,13.14468],[123.75341,13.14486],[123.75348,13.14502],[123.75355,13.14524],[123.75362,13.14548],[123.75363,13.1455],[123.75367,13.14569],[123.75368,13.1458],[123.75367,13.14588],[123.75367,13.14597],[123.75366,13.14602],[123.75364,13.14608],[123.75362,13.14612],[123.7536,13.14615],[123.75353,13.14634],[123.75345,13.14655],[123.75366,13.14658],[123.75377,13.14659],[123.75388,13.1466],[123.75409,13.14662],[123.75433,13.14664],[123.75448,13.14665],[123.7547,13.14665],[123.7548,13.14665],[123.75486,13.14665],[123.75494,13.14665],[123.7551,13.14664],[123.75522,13.14663],[123.75527,13.14663],[123.7553,13.14662],[123.75534,13.1466],[123.75536,13.14658],[123.7554,13.14656],[123.75567,13.14631],[123.75574,13.14624],[123.75583,13.14615],[123.75587,13.14611],[123.75589,13.14607],[123.7559,13.14605],[123.75592,13.14602],[123.75593,13.14599],[123.75595,13.14596],[123.75596,13.14591],[123.75607,13.14548],[123.75616,13.14505],[123.75619,13.14494],[123.75621,13.14488],[123.75621,13.14486],[123.75628,13.14471],[123.75635,13.14456],[123.75649,13.1443],[123.75656,13.1442],[123.75662,13.14411],[123.75668,13.14404],[123.75676,13.14396],[123.75684,13.14389],[123.75696,13.14378],[123.75704,13.14371],[123.75735,13.14345],[123.75752,13.14333],[123.7577,13.14323],[123.7577,13.14323],[123.75781,13.14317],[123.75791,13.14312],[123.75801,13.14308],[123.75828,13.14299],[123.7584,13.14297],[123.75853,13.14293],[123.75863,13.14293],[123.75868,13.14294],[123.7587,13.14294],[123.75873,13.14295],[123.7588,13.14297],[123.7588,13.14305],[123.7588,13.14308],[123.75879,13.14312],[123.75879,13.14316],[123.75881,13.14318],[123.75882,13.1432],[123.75884,13.14321],[123.75887,13.14321],[123.75889,13.14322],[123.75891,13.14322],[123.75894,13.1432],[123.75896,13.14318],[123.75908,13.14309],[123.759,13.14305],[123.75892,13.14302],[123.75887,13.143],[123.7588,13.14297],[123.75873,13.14295],[123.7587,13.14294],[123.75868,13.14294],[123.75863,13.14293],[123.75853,13.14293],[123.7584,13.14297],[123.75828,13.14299],[123.75801,13.14308],[123.75791,13.14312],[123.75781,13.14317],[123.7577,13.14323],[123.75752,13.14333],[123.75735,13.14345],[123.75704,13.14371],[123.75696,13.14378],[123.75684,13.14389],[123.75676,13.14396],[123.75683,13.14405],[123.75686,13.1441],[123.75687,13.14413],[123.75687,13.14416],[123.75684,13.14419],[123.75679,13.14425],[123.75673,13.14431],[123.75671,13.14434],[123.75664,13.14443],[123.75655,13.14454],[123.75645,13.14469],[123.75634,13.1449],[123.75631,13.14496],[123.75627,13.14506],[123.75625,13.14517],[123.75623,13.14537],[123.75621,13.14546],[123.75619,13.14552],[123.75612,13.14574],[123.75606,13.14594],[123.75602,13.14606],[123.756,13.14612],[123.75598,13.14617],[123.75596,13.14623],[123.75593,13.14629],[123.75588,13.14638],[123.75576,13.14657],[123.75562,13.1468],[123.75551,13.14697],[123.75541,13.14715],[123.75531,13.14734],[123.75513,13.14772],[123.75497,13.14806],[123.75494,13.14812],[123.75491,13.14822],[123.75483,13.14856],[123.75475,13.149],[123.75463,13.14951],[123.75459,13.14968],[123.7545,13.1501],[123.7544,13.15048],[123.75408,13.1504],[123.75375,13.15034],[123.75371,13.15033],[123.75342,13.15026],[123.75301,13.15018],[123.75264,13.1501],[123.75201,13.14996],[123.75205,13.15019],[123.75207,13.15029],[123.75209,13.15038],[123.75217,13.15063],[123.7522,13.15077],[123.75222,13.15091],[123.75222,13.15094],[123.75225,13.15099],[123.75227,13.15112],[123.75225,13.15099],[123.75222,13.15094],[123.75222,13.15091],[123.7522,13.15077],[123.75217,13.15063],[123.75212,13.15046],[123.75209,13.15038],[123.75207,13.15029],[123.75205,13.15019],[123.75201,13.14996],[123.75199,13.14989],[123.75176,13.14891],[123.75171,13.14876],[123.75169,13.14866],[123.75171,13.14857],[123.75175,13.14849],[123.75206,13.14809],[123.75154,13.14767],[123.75123,13.14742],[123.7511,13.1473],[123.75096,13.14716],[123.75093,13.14711],[123.75091,13.14705],[123.75083,13.14678],[123.75078,13.14656],[123.75075,13.14631],[123.75075,13.14619],[123.75076,13.14609],[123.75079,13.14603],[123.75094,13.14579],[123.75098,13.14573],[123.75114,13.1455],[123.75126,13.14529],[123.75139,13.14533],[123.75151,13.14535],[123.75166,13.14537],[123.75179,13.14537],[123.75195,13.14535],[123.75207,13.14532],[123.75218,13.14528],[123.7523,13.14523],[123.75236,13.14517],[123.75242,13.14506],[123.75243,13.14503],[123.75246,13.14495],[123.75246,13.14488],[123.75247,13.14483],[123.75247,13.14462],[123.75307,13.14454],[123.75316,13.14456],[123.75321,13.14459],[123.75326,13.14464],[123.7533,13.14468],[123.75341,13.14486],[123.75348,13.14502],[123.75355,13.14524],[123.75363,13.1455],[123.75367,13.14569],[123.75368,13.1458],[123.75367,13.14588],[123.75367,13.14597],[123.75366,13.14602],[123.75364,13.14608],[123.75362,13.14612],[123.7536,13.14615],[123.75353,13.14634],[123.75345,13.14655],[123.75332,13.14675],[123.7529,13.1472],[123.75288,13.14722],[123.75289,13.14724],[123.7529,13.14726],[123.7529,13.14729],[123.75289,13.14731],[123.75288,13.14732],[123.75286,13.14733],[123.75284,13.14734],[123.75282,13.14734],[123.7528,13.14733],[123.75278,13.14732],[123.75276,13.1473],[123.75276,13.14728],[123.75276,13.14727],[123.75276,13.14725],[123.75276,13.14724],[123.75276,13.14723],[123.75277,13.14722],[123.75278,13.14721],[123.75275,13.14718],[123.75271,13.14712],[123.75265,13.14705],[123.75257,13.14696],[123.75252,13.14686],[123.75249,13.14681],[123.75247,13.14669],[123.75232,13.14665],[123.75224,13.14663],[123.75179,13.14646],[123.75169,13.14642],[123.75163,13.14639],[123.75154,13.14636],[123.7514,13.14632],[123.75124,13.14628],[123.75102,13.14625],[123.75098,13.14624],[123.75075,13.14619],[123.75056,13.14617],[123.75036,13.14615],[123.75027,13.14613],[123.75003,13.14609],[123.74989,13.14607],[123.74968,13.1461],[123.74965,13.14611],[123.74957,13.14615],[123.7495,13.14621],[123.74946,13.14625],[123.74933,13.14637],[123.74922,13.14648],[123.74916,13.14653],[123.74908,13.14657],[123.74901,13.1466],[123.74896,13.14662],[123.74894,13.14663],[123.74862,13.14669],[123.74855,13.14669],[123.74805,13.14666],[123.74767,13.14662],[123.7474,13.14659],[123.74702,13.14655],[123.74653,13.1465],[123.74616,13.14647],[123.74591,13.14644],[123.74563,13.14642],[123.74566,13.14614],[123.74569,13.14587],[123.74571,13.14567],[123.74573,13.1454],[123.74575,13.14516],[123.74575,13.14509],[123.74576,13.145],[123.74578,13.14482],[123.74578,13.14477],[123.74582,13.14435],[123.74585,13.14397],[123.74587,13.14377],[123.74569,13.14374],[123.74563,13.1444],[123.74562,13.14457],[123.74561,13.14476],[123.7455,13.14475],[123.7447,13.1447]]}},{"type":"Feature","properties":{"key":"puj-polangui:outbound","routeId":"puj-polangui","directionId":"outbound","label":"PUJs from Polangui (Third District) — From SM City Legazpi to Polangui","color":"#e0483a","waypointsUsed":10,"waypointsSkipped":["AH 26","AH 26","Ligao City Proper (National Highway)","AH 26","Oas Proper (National Highway)","AH 26"],"distanceMetres":42739,"generatedBy":"scripts/data/build-transport-geometry.js"},"geometry":{"type":"LineString","coordinates":[[123.7447,13.1447],[123.7455,13.14475],[123.74561,13.14476],[123.74564,13.14476],[123.74568,13.14477],[123.74578,13.14477],[123.74582,13.14435],[123.74585,13.14397],[123.74587,13.14377],[123.74569,13.14374],[123.74556,13.14372],[123.74543,13.1437],[123.7453,13.14367],[123.74517,13.14364],[123.74503,13.1436],[123.74489,13.14357],[123.74467,13.14352],[123.74435,13.14347],[123.7443,13.14347],[123.74402,13.14345],[123.74389,13.14344],[123.74365,13.14343],[123.74366,13.14326],[123.74371,13.14249],[123.74373,13.14202],[123.74375,13.14184],[123.74383,13.14167],[123.74384,13.14166],[123.7439,13.14153],[123.74392,13.14145],[123.74393,13.14139],[123.74389,13.14054],[123.74388,13.14018],[123.74386,13.13988],[123.74384,13.13959],[123.74384,13.1395],[123.74384,13.13946],[123.74379,13.13914],[123.74378,13.13907],[123.74393,13.13909],[123.74402,13.13911],[123.74416,13.13913],[123.74454,13.13919],[123.74466,13.13921],[123.74475,13.13922],[123.74483,13.13924],[123.7449,13.13927],[123.74496,13.13931],[123.74514,13.1394],[123.74534,13.1395],[123.74541,13.13935],[123.74543,13.13928],[123.74542,13.13916],[123.74542,13.139],[123.74541,13.13891],[123.7454,13.13882],[123.74539,13.13876],[123.74535,13.1387],[123.74513,13.13843],[123.74499,13.13829],[123.74474,13.13791],[123.74426,13.13718],[123.7442,13.13689],[123.74418,13.13654],[123.7442,13.13611],[123.74422,13.13602],[123.74426,13.13589],[123.74425,13.13583],[123.74424,13.13579],[123.74381,13.13504],[123.74353,13.13454],[123.74325,13.13473],[123.74256,13.13515],[123.74246,13.13521],[123.74152,13.13578],[123.74125,13.13595],[123.74042,13.13647],[123.74034,13.13652],[123.74004,13.13671],[123.73977,13.13687],[123.73959,13.13698],[123.73915,13.13723],[123.73858,13.13726],[123.73803,13.13724],[123.73692,13.13721],[123.73613,13.13719],[123.73521,13.13718],[123.7349,13.13718],[123.7339,13.13716],[123.73364,13.13716],[123.73341,13.13714],[123.7328,13.1371],[123.73234,13.1371],[123.7319,13.13711],[123.73186,13.13713],[123.73181,13.13718],[123.73179,13.13723],[123.73163,13.13749],[123.73149,13.1377],[123.73144,13.13789],[123.73144,13.13807],[123.73144,13.13818],[123.73143,13.13859],[123.73144,13.13891],[123.73145,13.13904],[123.73147,13.13933],[123.73152,13.13945],[123.73137,13.13955],[123.73125,13.13963],[123.73123,13.13965],[123.73096,13.13983],[123.73072,13.14002],[123.73053,13.14016],[123.73036,13.1403],[123.73028,13.14038],[123.73013,13.14051],[123.73004,13.14062],[123.72992,13.14074],[123.72976,13.1409],[123.72938,13.14136],[123.72923,13.14154],[123.72919,13.14159],[123.72898,13.14184],[123.72886,13.14197],[123.72866,13.14216],[123.72862,13.1422],[123.72859,13.14222],[123.72854,13.14225],[123.72845,13.14231],[123.72821,13.14245],[123.72778,13.14269],[123.72727,13.14297],[123.72706,13.14311],[123.72679,13.14331],[123.72625,13.14373],[123.72596,13.14396],[123.72593,13.14399],[123.72556,13.14429],[123.72535,13.14446],[123.72529,13.14451],[123.72486,13.14489],[123.72461,13.14509],[123.7241,13.14548],[123.72381,13.14569],[123.72351,13.14592],[123.72345,13.14597],[123.72308,13.14627],[123.72305,13.1463],[123.72292,13.14641],[123.72319,13.14668],[123.72336,13.14683],[123.72354,13.14701],[123.72364,13.14712],[123.72371,13.1472],[123.72379,13.14731],[123.72395,13.14748],[123.72415,13.14765],[123.72422,13.14771],[123.72485,13.14827],[123.72497,13.14838],[123.72507,13.14846],[123.72523,13.1486],[123.7255,13.14882],[123.72562,13.14893],[123.72563,13.14896],[123.72564,13.14903],[123.72565,13.1491],[123.72564,13.14922],[123.72563,13.14929],[123.72563,13.14939],[123.72563,13.14946],[123.72562,13.14954],[123.72559,13.1496],[123.72556,13.14967],[123.72549,13.14978],[123.72542,13.1499],[123.7254,13.14993],[123.72531,13.15008],[123.72522,13.15022],[123.72516,13.15031],[123.72508,13.15042],[123.72503,13.1505],[123.72488,13.15074],[123.72474,13.15097],[123.72448,13.15137],[123.72446,13.15141],[123.72449,13.15148],[123.72454,13.1516],[123.72459,13.15167],[123.72466,13.15174],[123.72479,13.1518],[123.7249,13.15183],[123.72522,13.15195],[123.72529,13.15198],[123.72537,13.15186],[123.72542,13.15179],[123.72547,13.15173],[123.72556,13.15165],[123.72562,13.1516],[123.72576,13.15153],[123.72629,13.15126],[123.72644,13.15119],[123.72658,13.15117],[123.72678,13.15115],[123.72691,13.15115],[123.72694,13.15146],[123.72704,13.15145],[123.72708,13.15143],[123.72707,13.15147],[123.72706,13.15149],[123.72703,13.15152],[123.72703,13.15152],[123.72706,13.15149],[123.72707,13.15147],[123.72708,13.15143],[123.72704,13.15145],[123.72694,13.15146],[123.72691,13.15115],[123.72678,13.15115],[123.72658,13.15117],[123.72644,13.15119],[123.72629,13.15126],[123.72576,13.15153],[123.72562,13.1516],[123.72556,13.15165],[123.72547,13.15173],[123.72542,13.15179],[123.72537,13.15186],[123.72529,13.15198],[123.7252,13.15235],[123.72519,13.1524],[123.72545,13.15262],[123.72557,13.15275],[123.72566,13.15288],[123.72571,13.15296],[123.72572,13.15301],[123.72572,13.15307],[123.72571,13.15318],[123.7258,13.15321],[123.72588,13.15325],[123.7261,13.15336],[123.72615,13.15339],[123.72621,13.15345],[123.72638,13.15386],[123.72681,13.15367],[123.72684,13.15367],[123.72686,13.15368],[123.72687,13.15371],[123.72686,13.15375],[123.72686,13.15379],[123.72683,13.15398],[123.72681,13.15415],[123.72676,13.15463],[123.72678,13.1547],[123.72678,13.15478],[123.72675,13.15497],[123.72675,13.15502],[123.72672,13.15516],[123.72669,13.15544],[123.72667,13.15564],[123.72671,13.1562],[123.72679,13.15616],[123.72688,13.15614],[123.72697,13.15612],[123.72706,13.15611],[123.72721,13.1561],[123.72735,13.1561],[123.72748,13.1561],[123.72777,13.1561],[123.72799,13.1561],[123.7281,13.1561],[123.72821,13.1561],[123.72829,13.1561],[123.72835,13.1561],[123.72884,13.15609],[123.72911,13.1561],[123.72929,13.1561],[123.73013,13.1561],[123.73048,13.15609],[123.73048,13.15617],[123.73048,13.15618],[123.73048,13.1562],[123.73046,13.15698],[123.73045,13.15709],[123.73104,13.15718],[123.73107,13.15719],[123.73109,13.15721],[123.73109,13.15725],[123.73108,13.15785],[123.73104,13.15853],[123.73101,13.15865],[123.73098,13.15873],[123.73093,13.15878],[123.73089,13.1588],[123.73083,13.15879],[123.73076,13.15875],[123.73058,13.15852],[123.73036,13.15823],[123.73028,13.15807],[123.73024,13.15799],[123.73023,13.15795],[123.73023,13.15795],[123.73024,13.15789],[123.73025,13.15779],[123.73032,13.15777],[123.73036,13.15774],[123.7304,13.15767],[123.73045,13.15709],[123.73046,13.15698],[123.73048,13.1562],[123.73048,13.15618],[123.73048,13.15617],[123.73048,13.15609],[123.73013,13.1561],[123.72929,13.1561],[123.72911,13.1561],[123.72884,13.15609],[123.72835,13.1561],[123.72829,13.1561],[123.72821,13.1561],[123.7281,13.1561],[123.72799,13.1561],[123.72777,13.1561],[123.72748,13.1561],[123.72735,13.1561],[123.72721,13.1561],[123.72706,13.15611],[123.72697,13.15612],[123.72688,13.15614],[123.72679,13.15616],[123.72671,13.1562],[123.72668,13.15621],[123.72656,13.15626],[123.72634,13.15636],[123.72626,13.1564],[123.72608,13.15648],[123.72597,13.15653],[123.72576,13.15663],[123.72564,13.15668],[123.72524,13.15686],[123.72503,13.15694],[123.72483,13.15702],[123.72448,13.15716],[123.72414,13.15727],[123.72392,13.15734],[123.72371,13.15739],[123.72357,13.15742],[123.7233,13.15744],[123.72315,13.15746],[123.72294,13.15747],[123.7227,13.15749],[123.7224,13.1575],[123.7221,13.1575],[123.72181,13.15748],[123.72141,13.15745],[123.72122,13.15743],[123.72097,13.15742],[123.72088,13.15742],[123.7208,13.15741],[123.72004,13.15736],[123.7197,13.15733],[123.71949,13.15731],[123.71941,13.1573],[123.71929,13.15729],[123.71916,13.15728],[123.719,13.15725],[123.71885,13.15722],[123.7187,13.15717],[123.71861,13.15713],[123.7185,13.15708],[123.71842,13.15703],[123.71852,13.15682],[123.71852,13.1568],[123.7185,13.15678],[123.71844,13.15675],[123.71841,13.15673],[123.71841,13.15673],[123.71838,13.15674],[123.71827,13.15693],[123.71817,13.15685],[123.71807,13.15676],[123.71797,13.15666],[123.71787,13.15652],[123.71779,13.1564],[123.71777,13.1566],[123.71774,13.15679],[123.71771,13.15707],[123.71759,13.15768],[123.71752,13.15795],[123.71747,13.15807],[123.71734,13.15813],[123.71706,13.15805],[123.71684,13.1581],[123.71643,13.15801],[123.71559,13.15773],[123.71506,13.15755],[123.71425,13.15727],[123.71339,13.15696],[123.71288,13.15682],[123.712,13.15681],[123.7114,13.15687],[123.71075,13.15702],[123.70964,13.1573],[123.70889,13.15754],[123.70816,13.15786],[123.70765,13.15812],[123.7072,13.15836],[123.70651,13.15876],[123.70583,13.15916],[123.70533,13.15951],[123.70456,13.16002],[123.70416,13.16024],[123.70365,13.16044],[123.7032,13.16059],[123.70284,13.16074],[123.70244,13.16094],[123.702,13.16112],[123.70156,13.16115],[123.70121,13.16112],[123.7008,13.161],[123.70031,13.1607],[123.69992,13.1613],[123.69971,13.1616],[123.69961,13.16172],[123.69958,13.16177],[123.69947,13.16188],[123.69936,13.16197],[123.69924,13.16207],[123.69915,13.16215],[123.69901,13.16222],[123.69833,13.16248],[123.69826,13.16256],[123.69815,13.16262],[123.69776,13.16288],[123.6977,13.16291],[123.69765,13.16295],[123.69761,13.16297],[123.6975,13.16303],[123.69723,13.16338],[123.69689,13.16388],[123.69659,13.16424],[123.69651,13.16433],[123.69636,13.16449],[123.69535,13.16562],[123.69525,13.16573],[123.69504,13.16596],[123.69483,13.1662],[123.69413,13.16697],[123.69403,13.16709],[123.69402,13.1671],[123.69331,13.16789],[123.69179,13.16959],[123.69115,13.17031],[123.69009,13.17151],[123.68998,13.17162],[123.68983,13.17175],[123.68972,13.17183],[123.68968,13.17186],[123.68891,13.17233],[123.68805,13.17288],[123.68768,13.17307],[123.68741,13.17319],[123.68648,13.17351],[123.686,13.17369],[123.6852,13.17403],[123.68485,13.17417],[123.68465,13.17421],[123.68447,13.17421],[123.68433,13.17419],[123.68419,13.17413],[123.68404,13.17403],[123.68395,13.17388],[123.68362,13.1733],[123.68321,13.17256],[123.68313,13.17242],[123.68301,13.17226],[123.68295,13.1722],[123.68287,13.17214],[123.68281,13.17211],[123.68273,13.17208],[123.68266,13.17207],[123.68262,13.17207],[123.68259,13.17207],[123.68251,13.17207],[123.68244,13.17209],[123.68237,13.17211],[123.68231,13.17215],[123.68222,13.1722],[123.68213,13.17229],[123.68201,13.17246],[123.68196,13.17254],[123.68168,13.17307],[123.68152,13.17336],[123.68143,13.17353],[123.68131,13.17373],[123.68119,13.17395],[123.68115,13.17402],[123.68099,13.17432],[123.68092,13.17445],[123.68084,13.17457],[123.68071,13.1748],[123.6806,13.17498],[123.68038,13.17534],[123.6803,13.17546],[123.68014,13.1757],[123.68002,13.17588],[123.67994,13.17598],[123.67981,13.17615],[123.67929,13.17679],[123.67915,13.17698],[123.679,13.17717],[123.67889,13.17731],[123.67855,13.17775],[123.6779,13.17862],[123.6775,13.17913],[123.67746,13.17918],[123.67721,13.17947],[123.67705,13.1797],[123.6769,13.1799],[123.67657,13.18032],[123.6764,13.1805],[123.67606,13.18083],[123.67597,13.1809],[123.6757,13.18111],[123.67538,13.18131],[123.67522,13.18141],[123.675,13.18152],[123.67486,13.18159],[123.67454,13.18174],[123.6743,13.18183],[123.67397,13.18195],[123.67378,13.18202],[123.67342,13.18215],[123.67327,13.18221],[123.67287,13.18236],[123.67239,13.18254],[123.67204,13.1827],[123.67181,13.18281],[123.67152,13.18299],[123.67141,13.18306],[123.67094,13.18338],[123.67033,13.18379],[123.67017,13.1839],[123.66928,13.1845],[123.66885,13.18478],[123.66878,13.18482],[123.66852,13.185],[123.66847,13.18503],[123.66804,13.18532],[123.66777,13.1855],[123.66774,13.18552],[123.66756,13.18564],[123.6675,13.18568],[123.66737,13.18577],[123.66721,13.18587],[123.66631,13.18647],[123.66593,13.18672],[123.66571,13.18687],[123.66542,13.18705],[123.66539,13.18707],[123.66528,13.18712],[123.66491,13.1873],[123.66446,13.18746],[123.66434,13.18751],[123.66416,13.18758],[123.66325,13.18787],[123.66312,13.18791],[123.66284,13.18799],[123.66277,13.18801],[123.66257,13.18805],[123.66227,13.18807],[123.66195,13.18805],[123.66161,13.18797],[123.66143,13.18791],[123.66113,13.18777],[123.66068,13.18751],[123.66032,13.18732],[123.66005,13.18715],[123.65933,13.18677],[123.65898,13.18657],[123.65863,13.18637],[123.65845,13.18626],[123.65833,13.18615],[123.65829,13.18612],[123.65812,13.18598],[123.65793,13.18576],[123.65782,13.18562],[123.65752,13.18515],[123.65749,13.18509],[123.65728,13.18463],[123.65707,13.18426],[123.65699,13.18412],[123.65677,13.18369],[123.65657,13.18328],[123.65625,13.18265],[123.65621,13.18256],[123.65604,13.1822],[123.65585,13.18179],[123.65563,13.18134],[123.65542,13.18092],[123.65538,13.18084],[123.65529,13.18067],[123.65523,13.18058],[123.65515,13.18051],[123.6547,13.18015],[123.6544,13.1799],[123.65433,13.17984],[123.65389,13.17947],[123.6535,13.17913],[123.65344,13.17908],[123.65312,13.17879],[123.6527,13.17844],[123.6524,13.17816],[123.65222,13.17802],[123.65217,13.17798],[123.65205,13.17789],[123.65193,13.1778],[123.65184,13.17775],[123.65174,13.17771],[123.65143,13.17772],[123.65124,13.17772],[123.65068,13.17772],[123.64832,13.17773],[123.64795,13.17773],[123.64762,13.17773],[123.64712,13.17774],[123.64697,13.17774],[123.64602,13.17777],[123.64596,13.17777],[123.64579,13.17779],[123.64493,13.17786],[123.64421,13.17792],[123.6441,13.17793],[123.64384,13.17795],[123.64346,13.17798],[123.64314,13.17801],[123.64279,13.17803],[123.64204,13.1781],[123.64191,13.17811],[123.64121,13.17819],[123.6406,13.17828],[123.63998,13.17843],[123.6399,13.17846],[123.63953,13.17857],[123.63943,13.1786],[123.63892,13.1788],[123.63857,13.17895],[123.63825,13.17909],[123.63758,13.17944],[123.63751,13.17948],[123.63732,13.17959],[123.63644,13.18013],[123.63629,13.18021],[123.6354,13.1807],[123.63528,13.18076],[123.63404,13.18145],[123.63094,13.18317],[123.62884,13.18426],[123.628,13.18465],[123.62677,13.18523],[123.62651,13.18534],[123.62639,13.18539],[123.62583,13.18562],[123.6236,13.18637],[123.62256,13.18674],[123.62219,13.18688],[123.62204,13.18693],[123.62186,13.18701],[123.62165,13.18712],[123.62162,13.18713],[123.62157,13.18715],[123.62138,13.18723],[123.62117,13.18732],[123.62095,13.18744],[123.62076,13.18756],[123.62057,13.18768],[123.62032,13.18785],[123.62011,13.18797],[123.61997,13.18804],[123.61982,13.1881],[123.61975,13.18813],[123.61956,13.18818],[123.61939,13.18822],[123.61806,13.18835],[123.61792,13.18837],[123.61745,13.18843],[123.61708,13.18848],[123.61696,13.18849],[123.61654,13.18853],[123.61637,13.18854],[123.61573,13.1886],[123.61515,13.18864],[123.6145,13.18869],[123.61443,13.18869],[123.6141,13.18873],[123.614,13.18873],[123.61384,13.18874],[123.61346,13.18877],[123.61294,13.18876],[123.61278,13.18876],[123.61272,13.18876],[123.61214,13.18877],[123.61186,13.18877],[123.61168,13.18878],[123.61152,13.18877],[123.61127,13.18876],[123.61107,13.18875],[123.61098,13.18874],[123.61028,13.1887],[123.60996,13.18868],[123.60976,13.18867],[123.60969,13.18866],[123.6095,13.18865],[123.60933,13.18864],[123.60913,13.18863],[123.60884,13.1886],[123.60869,13.1886],[123.60855,13.18861],[123.60837,13.18858],[123.60811,13.18856],[123.60773,13.18853],[123.60759,13.18852],[123.60727,13.1885],[123.60695,13.1885],[123.60675,13.1885],[123.6066,13.18849],[123.60646,13.18847],[123.60631,13.18842],[123.60625,13.18839],[123.60597,13.18829],[123.60578,13.18821],[123.60568,13.18817],[123.60551,13.18811],[123.60503,13.18791],[123.60449,13.18774],[123.6044,13.18772],[123.60428,13.18773],[123.6042,13.18776],[123.60412,13.18783],[123.60399,13.18806],[123.60391,13.18821],[123.60389,13.18829],[123.60388,13.18845],[123.60391,13.1888],[123.60392,13.18893],[123.60392,13.1891],[123.60389,13.18922],[123.60381,13.18937],[123.60368,13.18949],[123.60345,13.18964],[123.60323,13.18975],[123.60288,13.18992],[123.60275,13.18999],[123.60208,13.19034],[123.602,13.19037],[123.60159,13.19056],[123.60131,13.19067],[123.60112,13.19074],[123.60093,13.19081],[123.60081,13.19086],[123.60055,13.19102],[123.60042,13.19112],[123.60033,13.19119],[123.59983,13.19154],[123.59965,13.19166],[123.59938,13.19185],[123.59934,13.19188],[123.59928,13.19193],[123.59894,13.19221],[123.59857,13.19251],[123.59828,13.19276],[123.59793,13.19307],[123.59759,13.19336],[123.59733,13.1936],[123.5966,13.19424],[123.59617,13.19462],[123.59589,13.19487],[123.59564,13.19509],[123.59555,13.19517],[123.59548,13.19521],[123.59534,13.19524],[123.59515,13.19526],[123.59467,13.19527],[123.59438,13.19527],[123.59404,13.19529],[123.59393,13.1953],[123.5938,13.19531],[123.59365,13.19534],[123.59349,13.19538],[123.59341,13.19541],[123.59324,13.19549],[123.59311,13.19556],[123.59298,13.19565],[123.59284,13.19576],[123.59271,13.19589],[123.59261,13.196],[123.59252,13.19612],[123.59225,13.19648],[123.59181,13.19712],[123.59163,13.19738],[123.59146,13.19766],[123.59138,13.19783],[123.59132,13.19798],[123.59124,13.19825],[123.59112,13.19867],[123.59101,13.19908],[123.59093,13.19931],[123.59084,13.19958],[123.59073,13.19988],[123.59061,13.20012],[123.5905,13.2003],[123.59043,13.2004],[123.59037,13.20047],[123.5902,13.20064],[123.59004,13.2008],[123.58987,13.20093],[123.58966,13.20108],[123.58938,13.20123],[123.58911,13.20139],[123.58886,13.20153],[123.58841,13.20178],[123.58829,13.20185],[123.58805,13.20199],[123.58768,13.20218],[123.58715,13.20247],[123.58662,13.20279],[123.5861,13.20308],[123.58538,13.20349],[123.58501,13.2037],[123.58481,13.20381],[123.58447,13.20401],[123.58417,13.20421],[123.58384,13.20445],[123.58364,13.20461],[123.58338,13.20485],[123.58322,13.20501],[123.58303,13.20521],[123.58291,13.20535],[123.58281,13.20547],[123.58278,13.2055],[123.58254,13.20578],[123.5825,13.20582],[123.5822,13.20618],[123.58216,13.20623],[123.58213,13.20626],[123.58207,13.20633],[123.58191,13.20652],[123.58132,13.20721],[123.58098,13.2076],[123.58069,13.20795],[123.58052,13.20821],[123.5804,13.20844],[123.58013,13.20905],[123.58008,13.20917],[123.57997,13.20939],[123.57984,13.2096],[123.57957,13.20994],[123.57905,13.21049],[123.57847,13.21111],[123.57797,13.21164],[123.57756,13.21207],[123.57683,13.21285],[123.57659,13.2131],[123.57615,13.21358],[123.57609,13.21364],[123.57533,13.21443],[123.57477,13.21504],[123.57448,13.21534],[123.5742,13.21562],[123.57393,13.21593],[123.57385,13.21607],[123.57378,13.21619],[123.57367,13.21639],[123.57356,13.2166],[123.57343,13.21694],[123.57274,13.21888],[123.57217,13.22051],[123.57197,13.22108],[123.57188,13.22131],[123.57176,13.22165],[123.5716,13.22201],[123.57145,13.22232],[123.5713,13.22261],[123.57109,13.22298],[123.57063,13.2237],[123.57033,13.22413],[123.56998,13.22471],[123.56978,13.22509],[123.56963,13.22547],[123.56934,13.22611],[123.56913,13.22659],[123.56872,13.22751],[123.56867,13.22766],[123.56853,13.22839],[123.56825,13.23055],[123.56814,13.231],[123.56799,13.2313],[123.56783,13.23156],[123.56748,13.23195],[123.56704,13.2323],[123.56684,13.23245],[123.56577,13.23329],[123.56482,13.23399],[123.56474,13.23405],[123.56389,13.23475],[123.56327,13.23531],[123.56301,13.23561],[123.56261,13.23607],[123.56221,13.23654],[123.56196,13.23685],[123.56193,13.23689],[123.56174,13.23712],[123.56158,13.2373],[123.56143,13.23744],[123.56128,13.23757],[123.56112,13.23769],[123.56091,13.2378],[123.56068,13.23788],[123.56034,13.23797],[123.55998,13.23799],[123.55768,13.23791],[123.55726,13.23789],[123.5566,13.23784],[123.55618,13.23782],[123.55334,13.23771],[123.55153,13.23761],[123.55136,13.23761],[123.54966,13.23753],[123.54931,13.23752],[123.5477,13.23746],[123.54735,13.23743],[123.54616,13.23737],[123.54561,13.23733],[123.54468,13.23731],[123.54336,13.23725],[123.54265,13.23722],[123.54198,13.23719],[123.54044,13.23715],[123.53945,13.2371],[123.53589,13.23695],[123.53514,13.23691],[123.53494,13.2369],[123.53451,13.23692],[123.53434,13.23695],[123.5342,13.23699],[123.53406,13.23703],[123.53395,13.23707],[123.53377,13.23716],[123.53357,13.23728],[123.53341,13.2374],[123.53325,13.23756],[123.53291,13.23794],[123.53216,13.23872],[123.53125,13.23969],[123.53093,13.24003],[123.53033,13.24066],[123.52982,13.2412],[123.52854,13.24253],[123.52831,13.24275],[123.52824,13.2428],[123.5281,13.24288],[123.52787,13.24301],[123.52753,13.24317],[123.5269,13.24344],[123.52579,13.24393],[123.52552,13.24405],[123.5251,13.24426],[123.52391,13.24485],[123.52231,13.2457],[123.52055,13.24666],[123.51931,13.24732],[123.51787,13.24811],[123.51597,13.24915],[123.51507,13.24963],[123.5138,13.25031],[123.51361,13.25041],[123.51305,13.25072],[123.51268,13.25091],[123.51173,13.25141],[123.50837,13.25323],[123.50803,13.25347],[123.50781,13.25369],[123.50761,13.25393],[123.50745,13.2542],[123.50732,13.2545],[123.50727,13.25463],[123.50707,13.25524],[123.50688,13.25579],[123.50678,13.25603],[123.5067,13.25616],[123.50661,13.25629],[123.50648,13.25646],[123.50636,13.25657],[123.5063,13.25662],[123.50616,13.25674],[123.50583,13.25694],[123.50544,13.25712],[123.50466,13.25743],[123.50343,13.25797],[123.50272,13.25837],[123.50243,13.25853],[123.50183,13.2589],[123.50136,13.25917],[123.49987,13.26009],[123.49943,13.26037],[123.49775,13.26133],[123.49749,13.2615],[123.49725,13.2617],[123.49713,13.26183],[123.49687,13.26217],[123.49671,13.26255],[123.49667,13.26264],[123.49631,13.26364],[123.49579,13.26508],[123.49526,13.26654],[123.49524,13.26661],[123.4952,13.2667],[123.49516,13.26682],[123.49379,13.27051],[123.49229,13.27425],[123.49216,13.27471],[123.49209,13.27527],[123.4921,13.27551],[123.49213,13.27706],[123.49213,13.27748],[123.49213,13.27777],[123.49214,13.27828],[123.49214,13.27907],[123.49214,13.28012],[123.49207,13.28083],[123.49171,13.28233],[123.49155,13.28317],[123.49151,13.28341],[123.49119,13.2849],[123.49112,13.28517],[123.49094,13.28596],[123.49081,13.28647],[123.49078,13.28666],[123.49074,13.28683],[123.4907,13.28716],[123.49068,13.28731],[123.49065,13.28749],[123.49066,13.28768],[123.49066,13.28809],[123.49064,13.2884],[123.49063,13.28879],[123.49063,13.28904],[123.49063,13.28936],[123.49063,13.28949],[123.49062,13.28979]]}}]}
